,,,,,content,,,,,,,,,,,,,,,sender features/motivation,,,,,,target scope,,,specified target features,,,,,,,,,,,,,,,,,,,other features,,,,,,,,
ResponseId,country,hate_definition,hate_definition_cleaned,"flag
comment","offensive
language","hateful
language",severity,mocking,incivility,harassment,dehumanization,attack,opinion,misinformation,incitement,"causing
harm","against
the law","form of
speech","other
content","who speaks
generally
matters",person with power,speaks in bad faith,is prejudiced,wants to hurt,other sender,against person/individual,against group,other scope,specific characteristics general,race ethnicity nationality,region geographical area,sex gender,religion belief system,sexual orientation,ideology political affiliation,class,caste,tribe,age,pyhsical attributes,profession,culture tradition,minority general,vulnerable general,uncontrolled features general,more unspecified features,other target,provides example,provides no definition,provides negating definition,questions existence,questions importance relevance,advocates for free speech,emphasizes subjectivity,elaborates on what should be done against it,other feature
R_ZCyL2rbu41UHDVf,bra,"Discurso de √≥dio √© toda e qualquer ideia que incentive a discrimina√ß√£o, seja ela qual for, ou que ofenda de forma direta outra pessoa.","Hate speech is any idea that encourages discrimination, whatever it may be, or that offend another person directly.",,x,,,,,,,,,,,,,,,,,,,,,x,,,,,,,,,,,,,,,,,,,,,,,,,,,,,,
R_2zc2x14nNy3x6M5,bra,"Discurso que desumaniza determinada parcela da popula√ß√£o e discurso antidemocr√°tico.
Na minha vis√£o, discurso que desumaniza √© aquele que coloca parte como inferior, merecedora de menos direitos ou at√© mesmo de exterm√≠nio ou qualquer viol√™ncia. Exemplos claros s√£o: apologia ao nazismo, racismo e xenofobia. Por√©m, no Brasil existe hoje muito √≥dio pol√≠tico, havendo imensa polariza√ß√£o. Houve at√© mesmo caso extremos, como o de um homem que atirou em um eleitor da oposi√ß√£o em seu pr√≥prio anivers√°rio.

Mais dif√≠cil de definir √© o discurso antidemocr√°tico, pois ambos os lados tem uma vis√£o diferente daquilo que √© nocivo √† democracia. Um grande problema em nosso Pa√≠s s√£o as fake news: mentiras elaboradas deliberadamente para desestabilizar as institui√ß√µes do Estado Democr√°tico de Direito, manipulando a opini√£o de massas, que se retroalimentam de discursos perniciosos e mentirosos. √â s√≥ ver o que circula pelas redes sociais... Como o caso das pessoas em manifesta√ß√µes por interven√ß√£o federal que comemoraram a emiss√£o do mandado pris√£o do Ministro do Supremo Alexandre de Moraes, quando ele de fato nunca foi sequer cogitado pelas autoridades. Sequer havia motiva√ß√£o para tal. Ao meu ver, esse tipo de coisa prejudica a democracia e o debate pol√≠tico em geral. Cria √≥dio e polariza√ß√£o.","Discourse that dehumanizes a certain portion of the population and undemocratic discourse. In my view, a discourse that dehumanizes is one that puts part as inferior, deserving less rights or even extermination or any violence.Clear examples are: apology for Nazism, racism and xenophobia.However, in Brazil there is a lot of political hatred today, with immense polarization.There was even extreme case, such as that of a man who shot in an opposition voter on his own birthday.  More difficult to define is undemocratic discourse, because both sides have a different view of what is harmful to democracy.A big problem in our country is fake news: lies deliberately elaborated to destabilize the democratic rule of law institutions, manipulating the opinion of masses, which are brought back by pernicious and liars' discourses.Just see what circulates through social networks ... such as the case of people in demonstrations for federal intervention who celebrated the issuance of the arrest warrant of the minister of Supreme Alexandre de Moraes, when he was never even considered by the authorities.There was not even motivation for that.In my view, this kind of thing harms democracy and political debate in general.Creates hatred and polarization.",Unclear where their mention of extermination of violence falls (I put it under causing harm),,,,,,,x,,,,,x,,,,,,,,,,,,,,x,,,,x,x,,,,,,,,,,,,,x,,,,,,,,
R_3IXq3RsQGumtjYY,bra,Quanto existe declara√ßao que amea√ßa a integridade f√≠sica de uma pessoa espec√≠fica ou certo grupo social.,How much there is a declaration that threatens the physical integrity of a specific person or a certain social group.,,,,,,,,,,,,x,,,,,,,,,,,x,x,,,,,,,,,,,,,,,,,,,,,,,,,,,,,
R_ZxT8TC7zuKjHLI5,bra,"Intoler√¢ncia radical √†s diversas opini√µes existentes, sendo que o que faz discurso de √≥dio se acha o dono da verdade e, ainda, sofre de s√≠ndrome de Deus, achando que ele seria o todo-poderoso capaz de resolver tudo de modo radical.","Radical intolerance to the various existing opinions, and what makes hate speech is the owner of the truth and still suffers from God's syndrome, thinking that he would be the almighty capable of solving everything radically.",x,,,,,,,,,x,,,,,,,,x,,,,,,,,,,,,,,,,,,,,,,,,,,,,,,,,,,,
R_vV9hzX338gHvlcd,bra,Algo absolutamente subjetivo. Ningu√©m √© respons√°vel pelo o que o outro pode sentir ou pensar. Portanto n√£o √© poss√≠vel definir com precis√£o o que seria esse tal discurso de √≥dio.,Something absolutely subjective.No one is responsible for what the other can feel or think.Therefore it is not possible to accurately define what this discourse of hatred would be.,,,,,,,,,,,,,,,,,,,,,,,,,,,,,,,,,,,,,,,,,,,,,,,,,,,x,,
R_7TzAvqQdGRsIrT3,bra,"Palha√ßada! Quem prega isso quer uma forma de poder controlar as opini√µes das pessoas, mais especificamente, as opini√µes contr√°rias √†s suas.","Clowning!Those who preach this want a way to be able to control people's opinions, more specifically, opinions contrary to their own.",,,,,,,,,,,,,,,,,,,,,,,,,,,,,,,,,,,,,,,,,,,,,,x,,x,,,,,
R_ywOLtX0PIZe70Jj,bra,"Express√£o de opini√£o de forma violenta, ofensiva e intolerante, atacando e desrespeitando quem pensa diferente do outro de forma p√∫blica, gerando um constrangimento social.","Expression of opinion violently, offensive and intolerant, attacking and disrespecting those who think differently from the other in a public form, generating a social embarrassment.",,,,,x,,,,,x,,,,,,,,,,,,,,,,,,,,,,,,,,,,,,,,,,,,,,,,,,,
R_3wTKHlfneeurfcl,bra,Discurso de √≥dio √© quando a pessoa ofende de forma criminosa ou muito mal intencionada. Mas n√£o considero discurso de √≥dio quando uma pessoa √© r√≠spida com outra discordando da sua opini√£o.,Hate speech is when the person offends in a criminal or very malicious way.But I do not consider hate speech when one person is hasty with another disagreeing with his opinion.,,,,,,,,,,x,,,,x,,,,,,,,,x,,,,,,,,,,,,,,,,,,,,,,,,,,,,,,
R_1poIpUYWnBexRP5,bra,"Discurso de √≥dio √© caracterizado quando h√° a propaga√ß√£o de falas que visam oprimir, excluir ou at√© extinguir determinados grupos.","Hate discourse is characterized when speech spread that aims to oppress, exclude or even extinguish certain groups.",,,,,,,,,x,,,,x,,,,,,,,,,,x,,,,,,,,,,,,,,,,,,,,,,,,,,,,,
R_DB1jMbrom36dMI1,bra,Discurso de √≥dio seria um tipo de propaganda ou discurso que prega exterm√≠nio ou que mais pessoas ofendam certo grupo ou indiv√≠duo.,Hate speech would be a type of advertising or speech that preaches extermination or that more people offend a certain group or individual.,,,,,,,,,,,,,x,,,,,,,,,,x,x,,,,,,,,,,,,,,,,,,,,,,,,,,,,,
R_2ah10zQC3iz45VA,bra,Liberdade de express√£o √© muito importante! Acho que amea√ßar uma pessoa de morte constantemente deve investigar para que o mal n√£o aconte√ßa! Fora isso deixa rolar! Pois j√° aconteceu de eu ser proibida de escrever a famosa palavra Luladr√£o! S√≥ t√¥ dizendo a verdade neh? O Sistema corrupto tem que ser banido pq elegeram um condenado! Meu Presidente sempre ser√° Bolsonaro üáßüá∑ E viva a liberdade de express√£o üëèüëèüëè,Freedom of expression is very important!I think threatening a death person constantly must investigate so that evil does not happen!Other than that let it roll!Because it has happened that I was forbidden to write the famous word Luladron!I'm just telling the truth right?The corrupt system has to be banned because they elected a convict!My president will always be Bolsonaro üáßüá∑ and live freedom of expression üëèüëèüëè,,,,x,,,,,,,,,x,,,,,,,,,,,,,,,,,,,,,,,,,,,,,,,,,,x,,,,,,
R_3lRAD3nIXsHkoLB,bra,"Discurso contra um grupo de pessoas (uma minoria, por exemplo), incitando a√ß√µes violentas contra pessoas","Speech against a group of people (a minority, for example), inciting violent actions against people",,,,,,,,,,,,,x,,,,,,,,,,,x,,,,,,,,,,,,,,,,,,,,,,,,,,,,,
R_1JWurUROfu2GJgh,bra,Discurso de √≥dio √© uma ferramenta usada para censurar pessoas. A liberdade de express√£o deve prevalecer.,Hate Speech is a tool used to censor people.Freedom of expression must prevail.,,,,,,,,,,,,,,,,,,,,,,,,,,,,,,,,,,,,,,,,,,,,,,,,x,,x,,,
R_1Ld0SPOnBvX9VV8,bra,"Discursos que denigram a imagem, as cren√ßas sociais, politicas e religiosas ou que de certa forma ameacem pessoas","Discourses that denigrate the image, social, political and religious beliefs or that in a way threaten people",,,,,,,,,,,,,,,,,,,,,,,,,,x,,,,x,,x,,,,,x,,,x,,,,,,,,,,,,,
R_e4BAVPW6xQSSwDv,bra," O discurso de √≥dio constitui em algo que ataca uma pessoa ou um grupo de pessoas, minorias ou n√£o. O discurso de √≥dio nem sempre necessariamente √© algum crime","Hate speech is something that attacks a person or group of people, minorities or not.Hate speech is not always necessarily a crime",,,,,,,,,x,,,,,,,,,,,,,,x,x,,,,,,,,,,,,,,,,,,,,,,,,,,,,,
R_XhMjRerwmtgtdGF,bra,"Discurso contra opini√£o, geralmente assim categorizado por pessoas infantilizadas que n√£o aceitam a opini√£o contr√°ria","Discourse against opinion, usually categorized by childish people who do not accept the opposite opinion",,,,,,,,,,x,,,,,,,,,,,,,,,,,,,,,,,,,,,,,,,,,,,,,,x,,,,,
R_22PxdQJLn9GptTi,bra,"Discurso que possivelmente incorre em agress√µes f√≠sicas, cal√∫nia a respeito de membros de minorias (ex.: ""o movimento LGBT ap√≥ia a pedofilia""), vandalismo contra a propriedade de minorias, forma√ß√£o de gangues de √≥dio, distribui√ß√£o de propaganda fascista e neonazista, atos de terrorismo, tentativas de golpe de Estado e tentativas de genoc√≠dio ao ser popularizado.","Speech that possibly incurred physical aggressions, slander about minority members (eg ""the LGBT movement supports pedophilia""), vandalism against minority ownership, hate gang formation, fascist and neo -Nazi propaganda distribution, actsof terrorism, coup attempts and genocide attempts to be popularized.",,,,,,,,,,,,,,,,,,,,,,,,,,,,,,,x,x,,,,,,,,x,,,,x,,,,,,,,,
R_1fefvgY2mMJ4DbE,bra,intoler√¢ncia extrema a um estilo de vida ou maneira de pensar espec√≠fica (exceto por aquelas que em sua ess√™ncia incentivam crimes ou a pr√≥pria intoler√¢ncia).,Extreme intolerance to a lifestyle or way of thinking specific (except for those who in essence encourage crimes or intolerance itself).,,,,,,,,,,,,,,,,,,,,,,,,,,,,,,,,,,,,,,,,,,,,,,,x,,,,,,
R_7PWgmCU4LKoTtOF,col,Un discurso que presente amenazas reales y ponga en riesgo la seguridad de las personias,A speech that presents real threats and puts the safety of personias at risk,,,,,,,,,x,,,,x,,,,,,,,,,,,,,,,,,,,,,,,,,,,,,,,,,,,,,,,
R_3oSElutjTQIzWIi,col,amenazas directas.,direct threats.,,,,,,,,,x,,,,,,,,,,,,,,,,,,,,,,,,,,,,,,,,,,,,,,,,,,,,
R_31GfbwI4Vx8wBb3,col,Texto que promueve la violencia f√≠sica contra personas o instituciones.,Text that promotes physical violence against people or institutions.,,,,,,,,,,,,x,x,,x,,,,,,,,x,,institutions,,,,,,,,,,,,,,,,,,,,,,,,,,,,
R_2YXlNNm78pg3358,col,Afirmaciones descalificadoras que inclusive ponen en peligro la vida de las personas,Disqualifying statements that even endanger the lives of people,,,,,,,,,,,,x,,,,,,,,,,,,,,,,,,,,,,,,,,,,,,,,,,,,,,,,,
R_3MKlvLeizxFabXU,col,Cuando ataca a las dem√°s personas por su forma de pensar,When it attacks other people for their way of thinking,,,,,,,,,x,,,,,,,,,,,,,,,,,,,,,,,,,,,,,,,,,,,way of thinking,,,,,,,,,
R_3kFgJLCf7A3WkCb,col,Cuando se atenta contra la integridad de las personas.,When it is attentive against the integrity of people.,x,,,,,,,,x,,,,,,,,,,,,,,,,,,,,,,,,,,,,,,,,,,,,,,,,,,,,
R_31FUCfUZrVPhGwZ,col,Cuando es atacante ante cualquier punto,When he is attacker at any point,x,,,,,,,,x,,,,,,,,,,,,,,,,,,,,,,,,,,,,,,,,,,,,,,,,,,,,
R_3kOeFTaMBaSye2D,col,Aquel que pretende se realicen da√±os a la persona o atenten a la vida,The one who intends to do damage to the person or attentive to life,,,,,,,,,,,,x,x,,,,,,,,x,,,,,,,,,,,,,,,,,,,,,,,,,,,,,,,,
R_2QyQsI8MR4H2b3D,col,El discurso de odio es aquella desagradable e iirespetuosa opinion sobre cualquier tema,Hate discourse is that unpleasant and disrespectful opinion on any subject,,,,,,,,,,x,,,,,,,,,,,,,,,,,,,,,,,,,,,,,,,,,,,,,,,,,,,
R_2YKwGbDiQCYaWSk,col,Amenazante.,Threatening.,,,,,,,,,x,,,,,,,,,,,,,,,,,,,,,,,,,,,,,,,,,,,,,,,,,,,,
R_2fkRcb61anjkXgD,col,Ataque y agresion,Attack and aggression,,,,,,,,,x,,,,x,,,,,,,,,,,,,,,,,,,,,,,,,,,,,,,,,,,,,,,,
R_1jjJvI4vuaisMfI,col,Que stente con la integridad fusica y nental de las personas.,That threatens people's physical and mental integrity.,,,,,,,,,x,,,,,,,,,,,,x,,,,,,,,,,,,,,,,,,,,,,,,,,,,,,,,
R_vZg7Kg2i8X5mwIp,col,"Agresivo, desafiante, falto de √©tica","Aggressive, challenging, lacking ethics",,,,,,x,,,x,,,,,,,,,,,,,,,,,,,,,,,,,,,,,,,,,,,,,,,,,,,,
R_32YisSIxLtUmu8x,col,"Aquel que desprecia opiniones, posiciones o identidades, y clama por su extinci√≥n violenta","The one who despises opinions, positions or identities, and cries out for his violent extinction",x,,,,,,,,,,,,x,,,,,,,,,,,,,x,,,,,,,,,,,,,,,,,,,,,,,,,,,
R_ApqotnppDYckUIp,col,Cuando empienza a insultar y meterce con algo personal,When he starts insulting and getting something personal,,,,,,x,,,,,,,,,,,,,,,,,,,,x,,,,,,,,,,,,,,,,,,,,,,,,,,,
R_bNn730lkJC2Q9m9,col,Manifestaci√≥n de una insatisfacci√≥n personal,Manifestation of personal dissatisfaction,,,,,,,,,,x,,,,,,,,,,,,,,,,,,,,,,,,,,,,,,,,,,,,,,,,,,,
R_3lKy5M5osvC8YVs,col,"Cuando es agresivo, amenazante, usa palabras insultantes, groseras, mentirosas.","When it is aggressive, threatening, use insulting words, rude, liars.",,,,,,x,,,x,,,,,,,,,,,,,,,,,,,,,,,,,,,,,,,,,,,,,,,,,,,,
R_1dylHWScKQsgww6,col,Se hace con la intenci√≥n de da√±ar al otro,It is done with the intention of damaging the other,,,,,,,,,,,,,,,,,,,,,x,,,,,,,,,,,,,,,,,,,,,,,,,,,,,,,,
R_2tGtfDrpZoJtqoy,col,No se,I don't know,,,,,,,,,,,,,,,,,,,,,,,,,,,,,,,,,,,,,,,,,,,,,,x,,,,,,,
R_25WMh0k5qiwevsI,col,"Lo defino como una manera de hacer el mal a la persona, sea f√≠sica o sicol√≥gicamente.","I define it as a way of doing evil to the person, whether physical or psychologically.",,,,,,,,,,,,,,,,,,,,,x,,,,,,,,,,,,,,,,,,,,,,,,,,,,,,,,
R_302h5ilhXPKvQvp,col,Excluir y condenar a castigo,Exclude and condemn punishment,x,,,,,,,,,,,,,,,,,,,,,,,,,,,,,,,,,,,,,,,,,,,,,,,,,,,,
R_PvQFjKMlBRA9DEt,col,"Afecta la dignidad humana, buscar alternativas, criticas constructivas no destructivas.","It affects human dignity, looking for alternatives, non -destructive constructive criticisms.",x,,,,,,,,,,,,,,,,,,,,,,,,,,,,,,,,,,,,,,,,,,,,,,,,,,,,
R_xzUQdYQFLjjLJKh,col,El que ofende y agrede directamente la opini√≥n de otro.,The one who offends and manages the opinion of another directly.,,x,,,,,,,,,,,,,,,,,,,,,x,,,,,,,,,,,,,,,,,,,,,,,,,,,,,,
R_2QzBvd6NxXIeD2B,col,No s√© debe hacer discursos ofensivos.,I don't know how to do offensive speeches.,,,,,,,,,,,,,,,,,,,,,,,,,,,,,,,,,,,,,,,,,,,,,,,x,,,,,,
R_XLO5xKQkgxZw2Z3,col,Mejor no opino,I better not think,,,,,,,,,,,,,,,,,,,,,,,,,,,,,,,,,,,,,,,,,,,,,,,x,,,,,,
R_4NuCKhiVRzsbXMJ,col,Cuando el sujeto tiene la mirada fija pero baga,When the subject has a fixed look but baga,x,,,,,,,,,,,,,,,,,,,,,,,,,,,,,,,,,,,,,,,,,,,,,,x,,,,,,
R_3eruK7ZjRV7NpLD,col,Cuando se realizan acusaciones o actos que invitan a la violencia iracional y sin argumentos.,When accusations or acts are made that invite irrational violence and without arguments.,,,,,,,,,,,,x,x,,,,,,,,,,,,,,,,,,,,,,,,,,,,,,,,,,,,,,,,
R_78P7ODOOZuVtjxf,col,No respetar la opini√≥n de los dem√°s y con palabras ofencibas te mencionan y te insultan,Do not respect the opinion of others and with offncing words mention and insult you,,x,,,,x,,,,,,,,,,,,,,,,,,,,,,,,,,,,,,,,,,,,,,,,,,,,,,,
R_vGDaoYiiwUTugUN,col,En el cual se usan expresiones donde secdesean cosas malas o de maltrato,In which expressions are used where bad or abuse things are desired,,,,,,,,,,,,x,,,,,,,,,,,,,,,,,,,,,,,,,,,,,,,,,,,,,,,,,
R_3RvZmYou9G4Dpl4,col,Como un discurso en contra de las minor√≠as.,As a speech against minorities.,,,,,,,,,,,,,,,,,,,,,,,,x,,,,,,,,,,,,,,,,x,,,,,,,,,,,,,
R_2BrGP0Tfe6l22sl,col,El discurso de odio alienta a otros a tomar acciones m√°s all√° del respeto de normas legales,Hate discourse encourages others to take actions beyond respect for legal norms,,,,,,,,,,,,,,x,,,,,,,,,,,,,,,,,,,,,,,,,,,,,,,,,,,,,,,
R_1jwECuXjCWT3iWG,col,un atentado contra la integridad de las personas,An attack on the integrity of people,,,,,,,,,x,,,,,,,,,,,,,,,,,,,,,,,,,,,,,,,,,,,,,,,,,,,,
R_1M0bbWOtXpGKlMZ,col,livertad de espresion,freedom of expression,,,,,,,,,,,,,,,,,,,,,,,,,,,,,,,,,,,,,,,,,,,,,,,,,,x,,,
R_3Pt0a6P1Zso75Kc,col,Invaluable,Invaluable,x,,,,,,,,,,,,,,,,,,,,,,,,,,,,,,,,,,,,,,,,,,,,,x,,,,,,,
R_9SLu9SoBBlUog9P,col,Lo que pienso de lo que pasa en el pa√≠s o lo que no me gusta,What I think of what happens in the country or what I don't like,x,,,,,,,,,,,,,,,,,,,,,,,,,,,,,,,,,,,,,,,,,,,,,x,,,,,,,
R_1qURGgTNrxpcGzI,col,"Mensaje cargado de resentimiento, de burla, de falta de empat√≠a y de respeto.","Message loaded with resentment, mockery, lack of empathy and respect.",,,,,x,,,,,,,,,,,,,,,,,,,,,,,,,,,,,,,,,,,,,,,,,,,,,,,,
R_1OIiU4X1MTzGMUc,col,Un discurso que es lesivo hacia las caracter√≠sticas individuales de los dem√°s,A speech that is harmful towards the individual characteristics of others,,,,,,,,,,,,,,,,,,,,,,,,,,x,,,,,,,,,,,,,,,,,,,,,,,,,,,
R_2Sdz3NGikNbCqgV,col,Algo que vaya dirigido a otro de manera negativa y perjudicial.,Something that is directed to another in a negative and harmful way.,,,,,,,,,,,,,x,,,,,,,,,,,x,,,,,,,,,,,,,,,,,,,,,,,,,,,,,
R_2ydrM0CrgcVVyUl,col,Aquel que no respeta los derechos del otro. Cualquiera que sea ofensivo y unilateral,He who does not respect the rights of the other.Whatever is offensive and unilateral,,x,,,,,,,,,,,,,,,,,,,,,,,,,,,,,,,,,,,,,,,,,,,,,,,,,,,
R_AoC81HaUoHHD5dL,col,"El odio es sin√≥nimo de impotencia,silencio,abuso.","Hate is synonymous with impotence, silence, abuse.",x,,,,,,,,,,,,,,,,,,,,,,,,,,,,,,,,,,,,,,,,,,,,,,,,,,,,
R_2dhEOKVu1fNEk9K,col,Un discurso destructivo que implica la emocionalidad de manera acr√≠tica obedeciendo a impulsos puramente pasionales y sin medir las consecuencias que puede tener en quien lo recibe,A destructive discourse that implies emotionality in an acritic way obeying purely passionate impulses and without measuring the consequences that it can have on who receives it,x,,,,,,,,,,,,x,,,,,,,,,,,,,,,,,,,,,,,,,,,,,,,,,,,,,,,,
R_reXgj9hzSMnwOOJ,col,"Para m√≠ un discurso de odi√≥ es un mensaje que incita a atentar contra la integridad f√≠sica y mental de otros individuos, que promulga el rechazo y la discriminaci√≥n hacia un individuo por su condici√≥n socioecon√≥mica, de sexo, g√©nero, orientaci√≥n sexual, etnia, nacionalidad, est√©tica y entre otras cosas. Sin embargo me parece importante destacar que se sepa diferenciar el debate sano y la cr√≠tica constructiva del discurso de odio, ya que √©sto se puede prestar para censurar a√∫n cuando se quiere hablar sobre temas con una intenci√≥n para nada destructiva.","For me, a speech of hate is a message that encourages to attempt against the physical and mental integrity of other individuals, which promulgates rejection and discrimination against an individual because of their socio -economic, sex, gender, sexual orientation, ethnicity, nationality, nationality, nationality,aesthetics and among other things.However, it seems important to highlight that the healthy debate and constructive criticism of hate discourse are known, since this can be provided to censor even when you want to talk about issues with an intention for nothing destructive.",,,,,,,,,,,,,x,,,,,,,,,,x,,,,x,,x,,x,,,,,,x,,,,,,,,,,,,,,x,,
R_zVcVCSJF6D8N9pT,col,"Cuando se agrede a la persona verbalmente, vulneran sus derechos, y adem√°s se le amenaza sino opina, sigue o cree una opini√≥n o creencia.","When the person verbally is assaulted, they violate their rights, and also threatens, but it continues or believes an opinion or belief.",,,,,,,,,,x,,x,,,x,,,,,,,,,,,,,,,,,,,,,,,,,,,,,,,,,,,,,,
R_2Sfx7Dthh9PNuue,col,"Es un estilo de comunicaci√≥n que ataca o se defiende de conceptos y adoctrinamientos ya constituidos.
En gran n√∫mero de porcentaje por personas fan√°ticas y r√≠gidas.
Que carecen de una mente abierta y dispuesta a la cr√≠tica o el cambio.
Muy dogm√°ticos.",It is a communication style that attacks or defends itself of constituted concepts and indoctrination. In large number of percentage by fanatic and rigid people. That lack an open mind and arranged to criticism or change. Very dogmatic.,,,,,,,,,,,,,,,x,,,,,x,,,,,,,,,,,,,,,,,,,,,,,,,,,,,,,,,
R_2Vs8VXkDVIlfW9q,col,"El discurso de odio es aquel que ataca directamente la integridad de la persona, vulnerando lo que es como ser humano e incurriendo directamente a sus creencias, origen, pensamientos, etc","Hate discourse is one that directly attacks the integrity of the person, violating what is as human being and incurring directly to their beliefs, origin, thoughts, etc.",,,,,,,,,x,,,,,,,,,,,,,,,,,x,x,,,,,,,,,,,,,,,,,,,,,,,,,,
R_3ivZVNzNq2ZmOKp,col,"Cuando hay una discriminaci√≥n directa a un grupo espec√≠fico persona o raza ya sea por sus preferencias pol√≠ticas,sexuales, religiosas o por pertenecer a una regi√≥n en especial dirigi√©ndose de forma ofensiva,violenta,o con agresiones verbales,o im√°genes despectivas","When there is a direct discrimination to a specific person or race group either because of their political, sexual, religious preferences or by belonging to a special region by directing offensively, violent, or with verbal aggressions, or derogatory images",,,,,,,,,,,,,,,x,,,,,,,,x,x,,,x,x,,x,x,x,,,,,,,,,,,,,,,,,,,,,
R_2BnsTUwpkUluyzE,col,"El que ataca o se burla de forma grotesca incitando a rechazar a otras personas por su religi√≥n, ideas pol√≠ticas, nacionalidad, color de piel, preferencias sexuales...","The one who attacks or mocks grotesque by rejecting other people for their religion, political ideas, nationality, skin color, sexual preferences ...",,,,,x,,,,x,,,,,,,,,,,,,,,,,,x,,,x,x,x,,,,,,,,,,,,,,,,,,,,,
R_3CUi61XwMdfZdLR,col,Es un discurso en el cual el rencor hacia determinado hecho o situaci√≥n lleva a que se promueva la animadversi√≥n hacia el mimo.,It is a speech in which the resentment towards a certain fact or situation leads to the promotion of animosity towards the pamper.,x,,,,,,,,,,,,,,,,,,,,,,,,,,,,,,,,,,,,,,,,,,,,,,,,,,,,
R_1jp7vkevLkqASCF,col,"Cuando est√° deseando la muerte de la persona, por ejemplo, el ejemplo de la camioneta, ese si es realmente de odio, hay violentos pero no son de odio, solo cuando se le desea lo peor a la gente, es de odio.","When he is looking forward to the death of the person, for example, the example of the truck, that if it is really hateful, there are violent but they are not hate, only when the worst people are wished, it is hateful.",,,,,,,,,,,,,x,,,,,,,,,,,,,,,,,,,,,,,,,,,,,,,,,,,,,,,,
R_sbQ9BFFLS411KWR,col,"Aquel que lesiona la identidad de otro en aspectos tales como raza, estrato socioecon√≥mico, g√©nero, rasgos f√≠sicos, creencias e ideolog√≠a","The one who injures the identity of another in aspects such as race, socioeconomic stratum, gender, physical features, beliefs and ideology",,,,,,,,,,,,,x,,,,,,,,,,,,,x,x,,,,,x,x,,,,x,,,,,,,,,,,,,,,,
R_sUnrJujnApoE1MZ,col,"Implica hacer da√±os f√≠sico, psicol√≥gico y/o moral a otro por determinadas caracter√≠sticas o posturas de vida","It implies doing physical, psychological and/or moral damage to another by certain characteristics or life postures",,,,,,,,,,,,,x,,,,,,,,x,,,,,x,,,,,,,,,,,,,,,,,,,,,,,,,,,
R_9sFSZ6rApvVPN9T,col,El discurso de odio es un discurso que insita a hacerle da√±o a una persona o comunidad por lo que son,Hate discourse is a speech that encourages to harm a person or community so they are,,,,,,,,,,,,,x,,,,,,,,x,,x,x,,,,,,,,,,,,,,,,,,,,,,,,,,,,,
R_BtA5WtnaN8Ie8QV,col,Es aquel que incita al rechazo irracional de otros por la sola raz√≥n de no ser semejantes a mi. Debemos tener claro que todos tenemos derecho a ser diferentes pero que esa diferencia sea administrada de manera que no ofenda a los demas para que de igual forma sea respetada.,It is one that encourages the irrational rejection of others for the sole reason of not being similar to me.We must be clear that we all have the right to be different but that this difference is administered so that it does not offend others so that it is also respected.,,,,,,,,,,,,x,,,,,,,,,,,,,,,,,,,,,,,,,,,,,,,,,,,,,,,,,
R_3PGGA7MDLpByr08,col,un discurso de odio es dar su opini√≥n en desacuerdo y llegando a ser ofensivo par las demas persona y en ocasiones fuera de lugar,A hate speech is to give his opinion in disagreement and becoming offensive for the other person and sometimes out of place,,x,,,,,,,,x,,,,,,,,,,,,,,,,,,,,,,,,,,,,,,,,,,,,,,,,,,,
R_1K9J1MTPkTNlKOp,col,"Critica destructiva que atenta contra la vida, dignidad y seguridad de las personas, animales y construcciones materiales.","Destructive criticism that threatens the life, dignity and security of people, animals and material constructions.",,,,,,,,,,,,,x,,,,,,,,,,x,,animals and non-living objects,,,,,,,,,,,,,,,,,,,,,,,,,,,,
R_3hG5mbNNPpZxqAP,col,Aquellos que se dirigen directamente a una persona con palabras muy ofensivas muy directas y subidas de tono,Those who go directly to a person with very direct very direct words and tone ups,,,,,,,,,,,,,,,x,,,,,,,,x,,,,,,,,,,,,,,,,,,,,,,,,,,,,,,
R_23TXbsVIwQcZ6fB,col,Palabras que reflejen la intenci√≥n de hacer da√±o o destruir la integridad o simbolismo de una persona o sistema.,Words that reflect the intention of harming or destroying the integrity or symbolism of a person or system.,,,,,,,,,,,,,x,,,,,,,,x,,x,,system,,,,,,,,,,,,,,,,,,,,,,,,,,,,
R_uh4vBkacbl7zlQt,col,Toda persona tiene el Derecho de expresar sus pensamientos dentro de un marco de respeto hacia los dem√°s,Everyone has the right to express their thoughts within a framework of respect for others,,,,,,,,,,x,,,,,,,,,,,,,,,,,,,,,,,,,,,,,,,,,,,,,,,,x,,,
R_2sRNeARTygyy3SN,col,"Aquel que busca ofender al otro, apoy√°ndose en su propia percepci√≥n o argumento, sin importar las consecuencias emocionales o sociales que contenga su mensaje.","The one who seeks to offend the other, relying on his own perception or argument, regardless of the emotional or social consequences that his message contains.",,x,,,,,,,,,,,,,,,,,,,,,,,,,,,,,,,,,,,,,,,,,,,,,,,,,,,
R_3oGDqYmp9jPbTNo,col,"Discursos que pretenden criminalizar a los que son diferentes a ellos, por su g√©nero, orientaci√≥n u origen. Amenazas y se√±alamientos","Speeches that intend to criminalize those who are different from them, by their gender, orientation or origin.Threats and signs",,x,,,,,,,x,,,,,,,,,,,,,,,,,,,,x,,x,,,,,,,,,,,,,,,,,,,,,,
R_2y3gc47IIIW0cFq,col,"Discurso ofensivo, opresivo, insultante,sin respeto, se puede criticar pero con respeto, no siempre estamos de acuerdo pero hay que tolerar.","Offensive, oppressive, insulting speech, without respect, can be criticized but with respect, we do not always agree but we must tolerate.",,x,,,,,,,,,,,,,,,,,,,,,,,,,,,,,,,,,,,,,,,,,,,,,,,,,,,
R_3FUKPgpRwP0KUpO,col,"Para mi es aquel que atenta contra la vida, contra la seguridad, contra la integridad de una persona, un colectivo o una sociedad.","For me it is the one who threatens life, against security, against the integrity of a person, a group or a society.",,,,,,,,,x,,,,,,,,,,,,,,x,x,,,,,,,,,,,,,,,,,,,,,,,,,,,,,
R_1FrK8RF6LN4g9PY,col,Amenazas sutiles y expresadas en contra de su religi√≥n su estatus social su ideolog√≠a pol√≠tica todo se puede expresar sin molestar al otro el otro es mi mismo.,Subtle threats and expressed against their religion their social status his political ideology can be expressed without disturbing the other the other is myself.,,,,,,,,,x,,,,,,,,,,,,,,,,,,,,,x,,x,,,,,,,,,,,,,,,,,,,,,
R_12EcjpM1gPvXbXC,col,"Cuando voluntariamente ataca a una persona ridiculizando, ofendiendo y siendo grosero de alguna manera.","When voluntarily attacks a person ridiculing, offending and being rude in some way.",,x,,,x,,,,x,,,,,,,,,,,,,,,,,,,,,,,,,,,,,,,,,,,,,,,,,,,,
R_27Wljg9hHwVdfjL,col,"Usar t√©rminos determinados y puntuales, frases enfocadas a desinformar, bullying en cualquier circunstancia. Se deben restringir los lenguajes y personas sectarias que invitan a conductas punibles. Antes de abordar una red social, las personas deben conocer sus limitaciones, la responsabilidad impl√≠cita debe regularse del estado como requisitos m√≠nimos de funcionamiento de las redes sociales, la libertad de expresi√≥n debe estar sujeta a la SAN CONVIVENCIA. Si las personas incurren en injuria y calumnia disfrazando su libertad de expresi√≥n, pues deben ser EDUCADAS, para que desahoguen en espacios diferentes a los de acceso p√∫blico, promulgar mentiras debe ser un DELITO, GRAVISIMO, de talanera, que las personas, antes de escribir, transmitir, manifestar, lo piensen bien. Personalmente no leo, no apoyo, no escucho nada que promueva odio, discrimacion, desinformaci√≥n. A estas alturas de mi vida, se distinguir e interpretar mensajes y mantengo distancia, con todo aquello que no sea asertivo y no aporte a la sociedad, soluciones pac√≠ficas, id√≥neas. Y tengo muy claro que todos, debemos asumir las consecuencias de nuestra conducta.","Use certain and punctual terms, phrases focused on misinforming, bullying in any circumstance.Languages and sectarian people that invite punishable behaviors should be restricted.Before addressing a social network, people must know their limitations, implicit responsibility must regulate the State as minimum requirements of social networks, freedom of expression must be subject to sanctions.If people incur in injury and slander disguising their freedom of expression, they must be educated, so that they relieve in spaces different from those of public access, promulgate lies must be a crime, a great crime, of Talanera, that people, before writing, transmit, manifest, think about it.Personally I do not read, I do not support, I do not listen to anything that promotes hatred, discrimination, misinformation.At this point in my life, distinguish and interpret messages and keep distance, with everything that is not assertive and not contribute to society, peaceful, ideal solutions.And I am very clear that everyone, we must assume the consequences of our behavior.",,,,,,,,,,,x,,,,x,,,,,,,,,,,,,,,,,,,,,,,,,,,,,,,,,,,,,x,
R_2uWfjkG5lxccu1q,col,pues como algo que se note mucho que es dicho con el fin de ofender o menos preciar las ideas o el pensamiento de alguien,"Well, as something that is noticed that is said in order to offend or less prize the ideas or thought of someone",,x,,,,,,,,,,,,,,,,,,,,,,,,,,,,,,,,,,,,,,,,,,,,,,,,,,,
R_12M60dDzGmQbr72,col,Que atente contra toda agresi√≥n verbal personal y en contra de la integridad humana animal o que constituya a la naturaleza o vida en general.,That attempts against all personal verbal aggression and against animal human integrity or that constitutes nature or life in general.,,,,,,,,,,,x,,,,,,,,,,,,x,,living beings,,,,,,,,,,,,,,,,,,,,,,,,,,,,
R_1NfSQI9QVjBsKnt,col,Maltrato a las personas por su color de piel y por su f√≠sico o por su trabajo y tambi√©n influyevsu vocabulario respeto ante todo.,Abuse people for their skin color and for their physique or for their work and also influence vocabulary respect first of all.,,,,,,,,,,,,,,,,,,,,,,,,,,,x,,,,,,,,,,x,,,,,,,,,,,,,,,,
R_3p5dAUhbFjC2Xae,col,"Precisamente como eso, todas las frases usadas est√°n cargadas de este sentimiento, el odio contra otro. Buscan herir y perjudicar los sentimientos del atacado o los atacados. Encierra verdadero rechazo y es muy peligroso.","Precisely like that, all the phrases used are loaded with this feeling, hatred against another.They seek to hurt and harm the feelings of the attacked or those attacked.It contains real rejection and is very dangerous.",,,x,,,,,,,,,,,,,,,,,,x,,,,,,,,,,,,,,,,,,,,,,,,,,,,,,,,
R_264KDZFCIsvmtmH,col,"- Cuando incita a la violencia (f√≠sica o verbal) contra el otro.
- Cuando incita a tomar justicia por las propias manos
- Cuando de manera directa o indirecta invita a matar o terminar con el otro
- Cuando las palabras son claramente utilizadas para da√±ar y ofender al otro sin ning√∫n tipo de empat√≠a, respeto ni responsabilidad 
- Cuando directa o indirectamente el objetivo del mensaje es alimentar el odio en contra del otro
-Cuando se violenta la vida privada del otro para hacerle da√±o 
Cuando no es una opini√≥n aislada o inocente sino claramente una invitaci√≥n a actuar en contra del otro para hacerle da√±o f√≠sico, da√±o emocional, da√±o a su buen nombre o cualquier otro da√±o 
","- When it encourages violence (physical or verbal) against the other. - When he encourages justice for his own hands - When directly or indirectly invites to kill or end the other - When words are clearly used to damage and offend the other without any empathy, respect or responsibility - When directly or indirectly the objective of the message is to feed the hatred against the other -When the private life of the other is violent to harm him When it is not an isolated or innocent opinion but clearly an invitation to act against the other to do physical damage, emotional damage, damage to your good name or any other damage",,,,,,,,,,,,x,x,,,,,,,,x,,,,,,,,,,,,,,,,,,,,,,,,,,,,,,,,
R_2xORHk4Kocd2co4,col,"Mensajes ofensivos, discriminatorios, racistas, posturas pol√≠ticas, burlas sobre el fisico y las capacidades cognitivas de las personasa. Etc","Offensive, discriminatory, racist, political positions, teasing about the physicist and the cognitive abilities of people.Etc",,x,,,x,,,,,,,,,,,,,,,,,,,,,,,,,,,,,,,,,,,,,,,,,,,,,,,,
R_3n2vMW0E5NXDQsV,col,"Aquel que va dirigido contra un grupo identitario definido por una caracter√≠stica inmutable (color de piel, religi√≥n, nacionalidad, etc) y que llama a que se tomen acciones en su contra","The one that is directed against an identity group defined by an immutable characteristic (skin color, religion, nationality, etc) and that calls for actions to be taken against him",,,,,,,,,,,,,,,,,,,,,,,,x,,,x,,,x,,,,,,,,,,,,,,,,,,,,,,,
R_2B8M8KNLjIKzw9L,col,"Un directo o indirecto ataque verbal sobre una idea o persona, tratando normalmente de hacer ver sus sentimientos de odio sobre la idea o persona en concreto.","A direct or indirect verbal attack on an idea or person, normally trying to show their feelings of hate about the idea or person in particular.",,,,,,,,,x,,,,,,x,,,,,,,,x,,ideas,,,,,,,,,,,,,,,,,,,,,,,,,,,,
R_3kzTJgLYnCzV5ZL,col,"Discurso de odio, es aquel en el que se pisotea la dignidad de una persona en forma directa, con palabras soeses y vulgaridades","Hate Speech, is one in which the dignity of a person directly is trampled, with soeses and vulgarities",,x,,,,,,,,,,,,,,,,,,,,,x,,,,,,,,,,,,,,,,,,,,,,,,,,,,,,
R_2xRBPoEBuTS1f2k,col,Es cuando la opini√≥n de una persona lesiona gravemente la forma de pensar de otra o incita a la agresi√≥n f√≠sica o psicol√≥gica contra los dem√°s ususarios,It is when the opinion of a person seriously injures the way of thinking of another or encourages physical or psychological aggression against other ususarians,,,,,,,,,x,,,x,,,,,,,,,,,,,,,,,,,,,,,,,,,,,,,,,,,,,,,,,
R_2CCIouuD62dkQDP,col,"Es ir m√°s all√° de una simple opini√≥n, expresando una idea con palabras ofensivas, que denigren, que hagan que otros piensen que tambi√©n pueden ofender.","It is going beyond a simple opinion, expressing an idea with offensive words, which they denigrate, that others think they can also offend.",,x,,,,,,,,,,,,,,,,,,,,,,,,,,,,,,,,,,,,,,,,,,,,,,,,,,,
R_2s7riiA14DCiMXg,col,"El manej√≥ del miedo por parte de los medios, cu√°ndo se toca o se discute un tema social pol√≠tico econ√≥mico educativo religioso o militar que afecte a las clases dominantes en este pa√≠s desde siempre hasta hoy","He managed the fear by the media, when a religious or military educational social social social social issue is touched or discussed that affects the ruling classes in this country always until today",,,,,,,,,,,,,,,,,,x,,,,media,,,,,,,,x,,,x,,,,,x,,,,,,"education, military",,,,,,,,,
R_SIBOSSqpYz34ybv,col,"Una expresi√≥n ofensiva dirigido a un grupo o individuo y que se basa en caracter√≠sticas inherentes (como son la raza, la religi√≥n o el g√©nero) y que puede poner en peligro la paz social.","An offensive expression aimed at a group or individual and that is based on inherent characteristics (such as race, religion or gender) and that can endanger social peace.",,x,,,,,,,,,,,,,,,,,,,,,x,x,,,x,,x,x,,,,,,,,,,,,x,,,,,,,,,,,
R_VUvs7MLOYw1hQ0F,col,"No existe, la gente de hoy d√≠a es toda fr√°gil e idiota y creen que todo es personal y si as√≠ lo fuera deber√≠an dejar de llorar por lo que leen en internet.","It does not exist, the people of today are all fragile and idiot and believe that everything is personal and if so they should stop crying for what they read on the Internet.",,,,,,,,,,,,,,,,,,,,,,,,,,,,,,,,,,,,,,,,,,,,,,x,,x,x,,,,
R_1X479d1HkYGSkKt,col,"Las personas con discurso de odio .Son aquellas que les resulta imposible aceptar la diferencia frente a credo , raza pol√≠tica o otra forma de pensar . O simplemente expresar su opini√≥n frente a un tema de actualidad.","People with hate speech. They are those who find it impossible to accept the difference against creed, political race or another way of thinking.Or simply express your opinion in the face of a current issue.",,,,,,,,,,x,,,,,,,,,,,,,,,,,x,,,x,,,,,,,,,,,,,,,,,,,,,,,
R_1FxLu9k5vB5TInZ,col,"Libertad : odio y amor, cada persona expresa lo que piensa, y todo radica en la persona que que recibe el discurso y su capacidad de asimilaci√≥n","Freedom: hate and love, each person expresses what he thinks, and everything lies in the person who receives discourse and his ability to assimilate",,,,,,,,,,,,,,,,,,,,,,,,,,,,,,,,,,,,,,,,,,,,,,,,x,,,x,,
R_3lQZhY7viYdhHn4,col,Los zurdos de üí© censuradores de las redes sociales como facebook y Twitter de extrema narcoultra izquierda son los que m√°s destilan odi√≥ y luego se hacen las v√≠ctimas.üëç,The left -handed left -hander of social networks such as Facebook and Twitter of extreme left narcoultra are the ones that most distil and then the victims are made.,,,,,,,,,,,,,,,,,,,,,,,,,,,,,,,,,,,,,,,,,,,,,,x,,,,,,,
R_1MMLLGrSPDK4RSD,col,"El discurso de odio es un invento de la modificaci√≥n de la constituci√≥n a partir de la Constituyente de 1.991 para robarse los recursos econ√≥micos del Estado, creando mafias organizadas y camufladas en el nombre ONG, que ha dado c√≥mo √∫nico resultados la segmentaci√≥n del pa√≠s y el odio de clases,... Si no existieran grupos ""minoritarios"" hoy ser√≠amos un s√≥lo pa√≠s y todos ser√≠amos iguales. Pero lo que encontramos es que los grupos minoritarios tienen m√°s derechos que los grupos mayoritarios. Y eso es un grave error en una Democracia!","Hate discourse is an invention of the modification of the Constitution from the constituent of 1991 to steal the economic resources of the State, creating organized mafias and camouflaged in the name NGOs, which has given how the only results the segmentation of the country and theHate of classes, ... if there were no ""minority"" groups today we would be a single country and we would all be the same.But what we find is that minority groups have more rights than majority groups.And that is a serious mistake in a democracy!",,,,,,,,,,,,,,,,,,,,,,,,,,,,,,,,,,,,,,,,,,,,,,,, ,x,,,,
R_1eWutRsY2cnEH0x,col,"UN DSICURSO QUE OFENDE AL OTRO EN TODOS LOS SENTIDOS, CON PALABRAS VIOLENTAS, EN EL QUE ADEM√ÅS SE AMENAZA EL BIENESTAR DEL OTRO.","A speech that offends the other in every way, with violent words, in which the welfare of the other is also threatened.",,x,,,,,,,x,,,,,,,,,,,,,,,,,,,,,,,,,,,,,,,,,,,,,,,,,,,,
R_1jcX7OvH9lNCzHE,col,"Aquel que pretende obligar a una persona ,a pensar actuar y aceptar sin derecho a critica y expresar libremente su opini√≥n y postura en cu√°nto a un tema en particular.","The one who intends to force a person, to think to act and accept without the right to criticizes and freely express his opinion and position in as a particular subject.",x,,,,,,,,,,,,,,,,,,,,,,,,,,,,,,,,,,,,,,,,,,,,,,,,,,,,
R_ULuw1Zx9m2wLwbf,col,"Un discurso de odio es aquel con palabras ofensivas que incitan a la discordia y a la difamaci√≥n de personas, a la calumnia, como del que ha sido v√≠ctima mi presidente Uribe, muchas cosas malas se han dicho de √©l, pero nunca se ha comprobado nada, esto demuestra que todo es un discurso de odio.
","A hate speech is that with offensive words that encourage discord and defamation of people, slander, as my president Uribe has been victim, many bad things have been said about him, but anything has never been proven,This shows that everything is a hate speech.",,x,,,,,,,,,x,,,,,,,,,,,,,,,,,,,,,,,,,,,,,,,,,,x,,,,,,,,
R_3emZMQ6FvJmT25J,pol,"Obra≈ºa poglƒÖdy innych, ich wyglƒÖd, rodzinƒô, nawo≈Çuje do maltretowania zwierzƒÖt,","Offends the views of others, their appearance, family, calls to abuse animals,",,x,,,,,,,,,,,,,,,,,,,,,,,,,,,,,,,,,,,x,,,,,,,family,,,,,,,,,
R_27kZC0jHOfnwopN,pol,prawda.,True.,x,,,,,,,,,,,,,,,,,,,,,,,,,,,,,,,,,,,,,,,,,,,,,x,,,,,,,
R_2zeScxwPvGHZ0KT,pol,Nawo≈Çywanie do jakiejkolwiek dyskryminacji,Calling to any discrimination,,,,,,,,,,,,x,,,,,,,,,,,,,,,,,,,,,,,,,,,,,,,,,,,,,,,,,
R_3rN8Yk6BFIrviUh,pol,",,To nie ludzie to ideologia"" - pis","""It's not people is ideology"" - PiS",,,,,,,,,,,,,,,,,,,,,,,,,,,,,,,,,,,,,,,,,,,,,,x,,x,,,,,
R_3QW5pYZ7vK5D0J8,pol,Tre≈õci zachƒôcajƒÖce ludzi do szkodliwych dzia≈Ça≈Ñ wobec innych lub siebie.,Content encouraging people to harmful actions towards others or themselves.,,,,,,,,,,,,,x,,,,,,,,,,,,,,,,,,,,,,,,,,,,,,,,,,,,,,,,
R_9mlLZLzLrLZG0rn,pol,Obra≈ºanie kogo≈õ ale jest to wyolbrzymione stwierdzenia,Insulting someone but it is an exaggerated statement,,x,,x,,,,,,,,,,,,,,,,,,,,,,,,,,,,,,,,,,,,,,,,,,,,,,,,,
R_723PipleFnkBRG9,pol,"Mowa, w kt√≥rej wyra≈ºa siƒô nienawi≈õƒá do pewnej grupy os√≥b.",Speech in which hatred of a certain group of people is expressed.,,,x,,,,,,,,,,,,,,,,,,,,,x,,,,,,,,,,,,,,,,,,,,,,,,,,,,,
R_PTfXNxlIqY5OdPP,pol,"
Pojedyncze osoby wypisujƒÖce potencjalnie obra≈∫liwe frazesy lub opinie, nie szerzƒÖ mowy nienawi≈õci.",Individual people writing potentially offensive phrases or opinions do not spread hate speech.,x,x,,,,,,,,x,,,,,,,,,,,,,,,,,,,,,,,,,,,,,,,,,,,,,,,,,,,
R_2uPuMZwZvq76e7X,pol,Bezpo≈õrednie nawo≈Çywanie do wyrzƒÖdzania krzywdy psychicznej oraz fizycznej innym podmiotom.,Direct call for mental and physical harm to other entities.,,,,,,,,,,,,x,x,,,,,,,,,,,,,,,,,,,,,,,,,,,,,,,,,,,,,,,,
R_3DnfcOKtb8PBHuR,pol,To nawo≈Çywanie do pe≈Çnienia czyn√≥w karalnych wzglƒôdem innych os√≥b,This is a call to perform criminal acts towards other people,,,,,,,,,,,,x,,x,,,,,,,,,,,,,,,,,,,,,,,,,,,,,,,,,,,,,,,
R_1EXUYeczZlK45NH,pol,Mowa deprymujƒÖca danƒÖ grupƒô spo≈ÇecznƒÖ.,Speech depressing a given social group.,,,,,,,,,,,,,,,,,,,,,,,,x,,,,,,,,,,,,,,,,,,,,,,,,,,,,,
R_2rvaKaQoVkiy6Jr,pol,Rasimzm,Rasimzm,,,,,,,,,,,,,,,,,,,,,,,,,,,x,,,,,,,,,,,,,,,,,,,,,,,,,,
R_1Nkysku4eUqOjeg,pol,"nawo≈Çywanie do zabicia, pobicia, uwiƒôzienia kogo≈õ, nawo≈Çywanie do wojny","calling to kill, beating, imprisoning someone, calling to war",x,,,,,,,,,,,,,,,,,,,,,,,,,,,,,,,,,,,,,,,,,,,,,,,,,,,,
R_1pVVUa2r6ZArOFB,pol,popieluszko huj,Popieluszko Huj,x,,,,,,,,,,,,,,,,,,,,,,,,,,,,,,,,,,,,,,,,,,,,,,,,,,,,
R_2P09vl7om5sbEvI,pol,taka mowa w kt√≥rej siƒô nienawidzi,such a speech in which you hate yourself,x,,,,,,,,,,,,,,,,,,,,,,,,,,,,,,,,,,,,,,,,,,,,,,,,,,,,
R_1BVpU4FSONhwW30,pol,Wypowied≈∫ kt√≥ra wykazuje znaki pogardy bƒÖd≈∫ nienawi≈õci wobec grupy/jednostki,A statement that shows the signs of contempt or hatred towards the group/individual,,,x,,,,,,,,,,,,,,,,,,,,x,x,,,,,,,,,,,,,,,,,,,,,,,,,,,,,
R_3sgC5DCE5rc5eBl,pol,"Mowa nienawi≈õci to jakiekolwiek s≈Çowa obra≈∫liwe, gro≈∫by lub wyszydzanie.","Hate speech are any offensive words, threats or mocking.",,x,,,x,,,,x,,,,,,,,,,,,,,,,,,,,,,,,,,,,,,,,,,,,,,,,,,,,
R_yDB1stW2ZmNv3k5,pol,"Nieuzasadniona wrogo≈õƒá/obrzydzenie/nienawi≈õƒá do danej grupy jako ca≈Ço≈õci, wyra≈ºana s≈Çowami","Unjustified hostility/disgust/hatred for a given group as a whole, expressed in words",,,x,,,x,,,,,,,,,x,,,,,,,,,x,,,,,,,,,,,,,,,,,,,,,,,,,,,,,
R_pubvTf5mbAXUubL,pol,Namawianie i przekonywanie na sile do swojej opinii w agresywny spos√≥b,Persuading and convincing in strength to your opinion in an aggressive way,,,,x,,,,,,x,,,,,,,,,,,,,,,,,,,,,,,,,,,,,,,,,,,,,,,,,,,
R_2yfp5fDZBC1kwOv,pol,Wymys≈Ç ludzi kt√≥rzy nie umiejƒÖ radzic sobie z krytykƒÖ,The invention of people who cannot cope with criticism,,,,,,,,,,,,,,,,,,,,,,,,,,,,,,,,,,,,,,,,,,,,,,,,x,,,,,
R_XwgylvrrWevsdNv,pol,"Dyskryminacja, zagro≈ºenia","Discrimination, threats",,,,,,,,,x,,,,,,,discrimination,,,,,,,,,,,,,,,,,,,,,,,,,,,,,,,,,,,,,
R_2eORKvqNb0pCRUv,pol,Polskie obozy zag≈Çady,Polish extermination camps,x,,,,,,,,,,,,,,,,,,,,,,,,,,,,,,,,,,,,,,,,,,,,,,,,,,,,
R_22LmoM3t540awFv,pol,idk,idk,,,,,,,,,,,,,,,,,,,,,,,,,,,,,,,,,,,,,,,,,,,,,,x,,,,,,,
R_24tIsso5ZAYSwzP,pol,Nie istnieje,Does not exist,,,,,,,,,,,,,,,,,,,,,,,,,,,,,,,,,,,,,,,,,,,,,,,,x,,,,,
R_1PdBBrcQ88dIWvf,pol,Obra≈∫liwe okre≈õlanie kogo≈õ ze wzglƒôdu na jakƒÖ≈õ jego czƒôsto niemo≈ºliwƒÖ do zmiany cechƒô.,The offensive determination of someone because of some of his often impossible feature.,,x,,,,,,,,,,,,,,,,,,,,,,,,,,,,,,,,,,,,,,,,x,,,,,,,,,,,
R_10wtrO1nlZOjvlD,pol,Nawo≈Çywanie do przemocy w spos√≥b dos≈Çowny (nie jest to ≈ºart ani hiperbola),Calling to violence literally (this is not a joke or hyperbola),,,,,,,,,x,,,x,,,,,,,,,,,,,,,,,,,,,,,,,,,,,,,,,,,,,,,,,
R_27PBXXwrY9LY8LV,pol,"Element lewackiej nowomowy, kt√≥rego celem jest kryminalizacja wypowiedzi i karanie za s≈Çowa.","A new -wing leftist element, which aims to criminalize statements and punishment for words.",x,,,,,,,,,,,,,,,,,,,,,,,,,,,,,,,,,,,,,,,,,,,,,,,,,,,,
R_1jjO3V3NhR4B6xU,pol,nie ma czegos takiego. to wymysl tych ktorych wszystko obraza.,There is nothing like that.This invent those who offend everything.,,,,,,,,,,,,,,,,,,,,,,,,,,,,,,,,,,,,,,,,,,,,,,,,x,,,,,
R_27xwW8dz0EYxELu,pol,Obra≈ºanie i krytykowanie osoby o innych poglƒÖdach,Insulting and criticizing a person with different views,,,,,,x,,,,x,,,,,,,,,,,,,,,,,,,,,,,,,,,,,,,,,,,,,,,,,,,
R_b9GzJtN53sh0wSt,pol,"Nawo≈Çywanie do przemocy, wykluczenia spo≈Çecznego lub dehumanizacja os√≥b lub grup.","Calling to violence, social exclusion or dehumanization of people or groups.",,,,,,,,x,x,,,x,,,,,,,,,,,x,x,,,,,,,,,,,,,,,,,,,,,,,,,,,,,
R_242cToQ5S28391B,pol,Stwierdzenia kt√≥re promujƒÖ albo nawo≈ÇujƒÖ do dyskryminacji konkretnej grupy ludzi,Statements that promote or call for discrimination against a specific group of people,,,,,,,,,,,,x,,,,,,,,,,,,x,,,,,,,,,,,,,,,,,,,,,,,,,,,,,
R_3F53864nrvCeDIv,pol,"Obra≈∫liwa, czƒôsto wulgarna tre≈õƒá, nie dopuszczajƒÖcƒÖ alternatywnych rozwiƒÖza≈Ñ.","The offensive, often vulgar content, not allowing alternative solutions.",,x,,,,,,,,,,,,,,,,,,,,,,,,,,,,,,,,,,,,,,,,,,,,,,,,,,,
R_2uPuS0ShcqSCdqX,pol,Nie ironiczne namawianie ludzi do pope≈Çniania akt√≥w agresji wobec konkretnych ludzi czy grup ludzi,Not ironic persuasion of people to commit acts of aggression towards specific people or groups of people,,,,,,,,,,,,x,x,,,,,,,,,,x,x,,,,,,,,,,,,,,,,,,,,,,,,,,,,,
R_27vZo2S5zZPOWN8,pol,"Nawo≈Çywanie do/≈ºyczenie ≈õmierci, prze≈õladowa≈Ñ, atak√≥w w stronƒô cz≈Çowieka","Calling to/wish of death, persecution, attacks towards man",,,,,,,,,,,,x,x,,,,,,,,,,,,,,,,,,,,,,,,,,,,,,,,,,,,,,,,
R_2q3QzrBNBaCnax2,pol,Mowa nawo≈ÇujƒÖca do ignorowania drugiej strony oraz piƒôtnujƒÖca ich jako gorszych lub gro≈ºenie im.,Speech calling to ignore the other party and stigmatizing them as worse or threatening them.,,,,,,,,,,,x,x,,,,,,,,,,,,,,,,,,,,,,,,,,,,,,,,,,,,,,,,,
R_29anzDMeukm2fai,pol,Nawo≈Çywanie do aktywnego krzywdzenia danej grupy,Calling to actively hurt a given group,,,,,,,,,,,,x,x,,,,,,,,,,,,,,,,,,,,,,,,,,,,,,,,,,,,,,,,
R_21Bv5TRBFTax64Y,pol,"Obelgi, inwektywy, namawianie do przemocy","Insults, invectives, urging to violence",,x,,,,,,,,,,x,x,,,,,,,,,,,,,,,,,,,,,,,,,,,,,,,,,,,,,,,,
R_3kyKF2kmKXz1cyR,pol,"Nawo≈Çywanie do wyrzƒÖdzenia bezpo≈õredniej krzywdy danej osobie/grupie ludzi z jakiego≈õ powodu. 
",Calling for direct harm to a person/group of people for some reason.,,,,,,,,,,,,,x,,,,,,,,,,x,x,,,,,,,,,,,,,,,,,,,,,,,,,,,,,
R_3MoI6vdvTaXoErG,pol,Zwroty nawo≈ÇujƒÖce do agresji czy przemocy wobec innych,Phrases calling for aggression or violence against others,,,,,,,,,x,,,x,x,,,,,,,,,,,,,,,,,,,,,,,,,,,,,,,,,,,,,,,,
R_2xxH6pKcUKjNqkf,pol,"obra≈ºanie innych, wy≈õmiewanie, dyskryminacja","insulting others, making fun, discrimination",,x,,,x,,,,,,,,,,,,,,,,,,,,,,,,,,,,,,,,,,,,,,,,,,,,,,,,
R_3gO4ml0eQjIIRj3,pol,Hejt,Hate,x,,x,,,,,,,,,,,,,,,,,,,,,,,,,,,,,,,,,,,,,,,,,,,,,,,,,,
R_410MaDjNJgjAjqp,pol,Gro≈ºenie lub nawo≈Çywanie do pope≈Çnienia przestƒôpstwa wzglƒôdem osoby/grupy/organizacji.,Threatening or calling to commit a crime against a person/group/organization.,,,,,,,,,x,,,x,x,,,,,,,,,,x,x,organization,,,,,,,,,,,,,,,,,,,,,,,,,,,,
R_ZJkTNl0UlKtBqAV,pol,Ataki ad personam,Ataki to the person,,,,,,,,,x,,,,,,,,,,,,,,,,,,,,,,,,,,,,,,,,,,,,,,,,,,,,
R_22xgb7LStf96Xzd,pol,"Wyzwiska, obra≈ºanie ze wzglƒôdu na wiek, p≈Çeƒá, rasƒô, teksty nawo≈ÇujƒÖce do przemocy","Insults, insulting due to age, gender, race, texts calling for violence",,x,,,,,,,,,,,,,,,,,,,,,,,,,x,,x,,,,,,,x,,,,,,,,,,,,,,,,,
R_3qW0pmI7Bx4noO7,pol,Nak≈Çanianie do nienawi≈õci wobec wszystkich os√≥b z grupy osoby atakowanej,Urging hatred towards all people from the attacked person group,,,x,,,,,,,,,,,,,,,,,,,,,x,,,,,,,,,,,,,,,,,,,,,,,,,,,,,
R_2wpEfhb4U0hqL81,pol,Ka≈ºdy bezpo≈õredni Atak na drugiego cz≈Çowieka bez poznania sytuacji. Brak zapoznania siƒô z tematem.,Every direct attack on another person without knowing the situation.No familiarization with the topic.,,,,,,,,,x,,,,,,,,,,,,,,,,,,,,,,,,,,,,,,,,,,,,,,,,,,,,
R_3PX0IjvThe9dc6N,pol,"Rasizm,nietolerancja religijna. Nietolerancja os√≥b niepe≈Çnosprawnych","Racism, religious intolerance.Intolerance of disabled people",,,,,,,,,,,,,,,,,,,,,,,,,,,x,,,x,,,,,,,,,,,,,,disability,,,,,,,,,
R_3nphNTvZlG2xdJq,pol,Notoryczne nƒôkanie kogo≈õ lub jakiej≈õ grupy spo≈Çecznej,Notorious harassment of someone or some social group,,,,,,,x,,,,,,,,,,,,,,,,x,x,,,,,,,,,,,,,,,,,,,,,,,,,,,,,
R_3G6yVCdbURi3s3h,pol,Bezpo≈õrednie gro≈ºenie i poni≈ºanie os√≥b w powa≈ºny spos√≥b,Direct threat and humiliation of people in a serious way,,,,,x,,,,x,,,,,,,,,,,,,,,,,,,,,,,,,,,,,,,,,,,,,,,,,,,,
R_OpVMpBAvIFIvOY9,pol,Zagra≈ºajƒÖcƒÖ zdrowiu lub ≈ºyciu,Threatening health or life,,,,,,,,,x,,,,x,,,,,,,,,,,,,,,,,,,,,,,,,,,,,,,,,,,,,,,,
R_bp9DPjhy4Sq1rKp,pol,"Obra≈ºanie, ponizanie","Insulting, incurring",,x,,,,,,,,,,,,,,,,,,,,,,,,,,,,,,,,,,,,,,,,,,,,,,,,,,,
R_OcxRq3QJtNJXFpT,pol,Mowa nienawi≈õci nawo≈Çuje do szk√≥d materialnych.,Hate speech calls for material damage.,,,,,,,,,x,,,,x,,,,,,,,,,,,,,,,,,,,,,,,,,,,,,,,,,,,,,,,
R_2YVYUg7liYJU69Q,pol,"Szyderstwo, nak≈Çanianie do krzywdzenia innych, wulgaryzmy","Mockery, urging to hurt others, vulgarisms",,x,,,x,,,,,,,x,,,,,,,,,,,,,,,,,,,,,,,,,,,,,,,,,,,,,,,,,
R_3hGgqsLuzxfbkx0,pol,Gro≈∫by albo nawo≈Çywanie do wyrzƒÖdzenia krzywdy.,Threats or calling for harm.,,,,,,,,,x,,,x,x,,,,,,,,,,,,,,,,,,,,,,,,,,,,,,,,,,,,,,,,
R_2f72066Bdp4i1bJ,pol,"""Mowa nienawi≈õci"" to pojƒôcie bƒôdƒÖce narzƒôdziem dyskursu politycznego.","""Hate speech"" is a concept that is a tool for political discourse.",,,,,,,,,,,,,,,,,,,,,,,,,,,,,,,,,,,,,,,,,,,,,,,,,,,,,
R_26avKLys0pZUwS2,pol,"- odnosi siƒô do konkretnej osoby lub grupy, a nie konkretnej przedstawionej tre≈õci (""jeste≈õ g≈Çupi"" lub ""X sƒÖ g≈Çupi"", ale nie ""to co tu napisa≈Çe≈õ to g≈Çupoty"")
- jest obel≈ºywa albo wzywa do bezprawnych dzia≈Ça≈Ñ wzglƒôdem tych os√≥b (""nie chcƒô w Polsce ≈ºadnych uchod≈∫c√≥w"" nie jest mowƒÖ nienawi≈õci; ""wywalaƒá ich do lasu, w ko≈Ñcu siƒô znudzƒÖ"" jest)
","- refers to a specific person or group, not a specific content presented (""you are stupid"" or ""x are stupid"", but not ""what you wrote here is stupid things"") - he is insulting or calls for unlawful actions towards these people (""I do not want any refugees in Poland"" is not hatred; ""pour them into the forest, after all they are bored"")",,,,,,,,,,,,,,,,,,,,,,,x,x,,,,,,,,,,,,,,,,,,,,,x,,,,,,,,
R_24lbMBRft9rUv3e,pol,"Mowa nienawi≈õci jawnie nawo≈Çuje do karalnych akt√≥w wobec drugiej osoby - gro≈∫by, nawo≈Çywanie do agresji etc. najczƒô≈õciej na tle rasowym, kulturowym czy religijnym.","The hate speech explicitly calls for punishable acts towards another person - threats, calling for aggression etc.Most often on a racial, cultural or religious background.",,,,,,,,,x,,,,x,x,,,,,,,,,,,,,x,,,x,,,,,,,,,x,,,,,,,,,,,,,,
R_12MsRQOkJOZyJ2i,pol,"MowƒÖ nienawi≈õci okre≈õlam wyra≈ºenia/sformu≈Çowania, kt√≥re w wielkim skr√≥cie majƒÖ kogo≈õ obraziƒá/umniejszyƒá. Moim zdaniem wolno≈õƒá s≈Çowa jest czym≈õ, czego nie powinno siƒô ograniczaƒá z uwagi i≈º mo≈ºe to wywo≈Çaƒá wrƒôcz przeciwnie skutki, ni≈º pierwotnie zak≈Çadano(rzƒÖd kontrolujƒÖcy tƒÖ wolno≈õƒá m√≥g≈Çby u≈ºywaƒá tego do w≈Çasnych cel√≥w, tak jak dzieje siƒô to wciƒÖ≈º w krajach trzeciego ≈õwiata lub w post sowieckim bloku). Aby zostaƒá dobrze zrozumianym, pragnƒô nadmieniƒá i≈º wolno≈õƒá s≈Çowa powinna niemniej byƒá regulowana przez w≈Ça≈õcicieli medi√≥w spo≈Çeczno≈õciowych ≈õci≈õle wsp√≥≈ÇpracujƒÖcych z organami ≈õcigania, co oznacza≈Ço by w praktyce odpowiedzialno≈õƒá prawnƒÖ za swoje s≈Çowa, zw≈Çaszcza te nawo≈ÇujƒÖce jawnie do nienawi≈õci do drugiej osoby lub przemocy. DodatkowƒÖ metodƒÖ zapobieganiu temu by≈Çoby kontrolowanie przez jaki≈õ organ prawny os√≥b, kt√≥re w przesz≈Ço≈õci by≈Çy ju≈º ju≈º karane za te same lub podobne wykroczenia.","With hate speech, I determine the expressions/phrases that are in a nutshell to offend/diminish someone.In my opinion, freedom of speech is something that should not be limited due to the fact that this may cause the opposite of the effects than originally assumed (the government controlling this freedom could use it for their own purposes, as is still happening in the third world countries or in the postSoviet block).To be well understood, I would like to mention that freedom of speech should be regulated by social media owners closely cooperating with law enforcement agencies, which would in practice mean legal responsibility for their words, especially those who explicitly napped to hatred for another person or violence.An additional method of preventing this would be to control people who in the past have already been punished for the same or similar offenses.",,x,,,x,,,,,,,,,,x,,,,,,,,,,,,,,,,,,,,,,,,,,,,,,,,,,,x,,x,
R_1dMPlBH8JCnqPXL,pol,"Brak szacunku wobec drugiej osoby. Mo≈ºna rozmawiaƒá, skomentowaƒá, ≈ºe to nie Tw√≥j poglƒÖd, ale szydzenie i wy≈õmiewanie moim zdaniem jest mowƒÖ nienawi≈õci. Tak samo uwa≈ºam za mowƒô nienawi≈õci nak≈Çanianie innych os√≥b do szkalowania innych.","Disrespect for the other person.You can talk, comment that this is not your view, but mocking and making fun in my opinion is hate speech.I consider the same hate speech to encourage other people to defile others.",,,,,x,,,,,,,,,,,,,,,,,,,,,,,,,,,,,,,,,,,,,,,,,,,,,,,,
R_3nqmfpr5a3THkg9,pol,Mowa nienawi≈õci to wymys≈Ç ludzi o lewicowych poglƒÖdach. Stanowi wygodne narzƒôdzie pozwalajƒÖce na cenzurowanie niewygodnych opinii.,Hate speech is an invention of people with leftist views.It is a convenient tool that allows you to censor uncomfortable opinions.,,,,,,,,,,,,,,,,,,,,,,,,,,,,,,,,,,,,,,,,,,,,,,,,x,,x,,,
R_SW4ssFEXXn4xBq9,pol,"Mowa nienawi≈õci, to forma przekazu kt√≥ra nawo≈Çuje do gardzenia, totalnego st≈Çamszenia drugiej osoby przez innych","Hate speech is a form of message that calls for taming, total suppression of another person by others",,,,,,,,,,,,x,,,,,,,,,,,x,,,,,,,,,,,,,,,,,,,,,,,,,,,,,,
R_VVbHT8zL8Qjtn7H,pol,"Nawo≈Çywanie do pogardy i nienawi≈õci oraz przemocy wobec danych os√≥b w oparciu o ich przynale≈ºno≈õƒá etnicznƒÖ, narodowƒÖ i/lub religijnƒÖ oraz orientacjƒô seksualnƒÖ, to≈ºsamo≈õƒá p≈ÇciowƒÖ i/lub niepe≈Çnosprawno≈õƒá.","Calling for contempt and hatred and violence against data of persons based on their ethnic, national and/or religious affiliation as well as sexual orientation, sexual identity and/or disability.",,,,,,,,,x,,,x,x,,,,,,,,,,,,,,x,,x,,x,,,,,,,,,,,,,disability,,,,,,,,,
R_2zqlt5B7S0KwS6w,pol,"Wyra≈ºanie ostrych opinii o grupie ludzi bƒÖd≈∫ konkretnym cz≈Çowieku nie ≈ºe wzglƒôdu na jego czyny czy zachowania , ale ≈ºe wzglƒôdu na rasƒô , wyznanie orientacjƒô seksualnƒÖ czy wyglƒÖd. Oczywi≈õcie jest to te≈º u≈ºywanie opinii rasistowskich , wulgarnych , poni≈ºajƒÖcych , miotanie gr√≥≈∫b , wyszydzanie itp","Expressing sharp opinions about a group of people or a specific person not because of his actions or behavior, but because of the race, confession of sexual orientation or appearance.Of course, it is also the use of racist, vulgar, degrading, threats, mocking, etc.",,x,,,x,,,,x,x,,,,,,,,,,,,,,,,,x,,,,x,,,,,,x,,,,,,,,,,,,,,,,
R_25L9P1ayA4P1qPb,pol,Nawo≈Çywanie do przemocy wobec grup nie nawolyjacych do przemocy oraz narodowo≈õci nie prowadzƒÖcych agresywnych wojen.,The call to violence against groups not navigating violence and nationality not leading aggressive wars.,,,,,,,,,x,,,x,x,,,,,,,,,,,,,,,,,,,,,,,,,,,,,,,,,,,,,,,,
R_21upDw3MakpHIjx,pol,"S≈Çowne atakowanie i agresja wobec drugiej osoby za poglƒÖdy lub opinie, bez podawania argument√≥w ≈õwiadczƒÖcych, ≈ºe dana osoba mo≈ºe siƒô myliƒá.","Word attacking and aggression towards another person for views or opinions, without giving arguments that a person may be wrong.",,,,,,,,,x,,,,,,x,,,,,,,,x,,,,,,,,,,,,,,,,,,,,,opinions,,,,,,,,,
R_Dc4l8SaoWFNzqfv,pol,"Mowa nienawi≈õci to subiektywne odczucie, kt√≥re ka≈ºdy wykorzystuje jak chce, kiedy nie podoba mu siƒô co m√≥wi druga strona. To nie to samo co nƒôkanie, nawo≈Çywanie do przemocy, prze≈õladowanie","Hate speech is a subjective feeling that everyone uses as they want, when he doesn't like what the other side says.It's not the same as harassment, calling for violence, persecution",,,,,,,,,,,,,,,,,,,,,,,,,,,,,,,,,,,,,,,,,,,,,,,,,,,x,,
R_p0rPU3GUNqplm5b,pol,"Mowa nienawi≈õci stanowi czynne nawo≈Çywanie do napa≈õci fizycznej tudzie≈º psychicznej, kt√≥ra stanowi realne zagro≈ºenie dla zdrowia i ≈ºycia. Ze wzglƒôdu na wielorako≈õƒá definicji napa≈õci psychicznej stanowi ona kwintesencyjny problem w stanowieniu krzywdy cz≈Çowieka i samej definicji mowy nienawi≈õci wynikajƒÖcej z r√≥≈ºnic wra≈ºliwo≈õci ka≈ºdego cz≈Çowieka. W zwiƒÖzku z tym moja definicja mo≈ºe zostaƒá zredukowana do napa≈õci fizycznej, poniewa≈º dzia≈Çania powinny byƒá podjƒôte tu i teraz.","Hate speech is an active call to physical and mental assault, which is a real threat to health and life.Due to the multiplicity of the definition of mental assault, it is a quintessence problem in the creation of human harm and the very definition of hate speech resulting from the differences in every person's sensitivity.Therefore, my definition can be reduced to physical assault because actions should be taken here and now.",,,,,,,,,x,,,x,x,,,,,,,,,,,,,,,,,,,,,,,,,,,,,,,,,,,,,,,,
R_2fxlWz040DsmnkO,pol,"Ten termin s≈Çu≈ºy do politycznej manipulacji, nie dajmy siƒô zwariowaƒá. To ≈ºe kogo≈õ kto≈õ wyzwie w internecie nie powinno nic znaczyƒá w ≈ºyciach ludzi i nale≈ºy ich o tym edukowaƒá. Bo je≈õli znaczy to z nimi jest co≈õ nie tak.","This term is used for political manipulation, let's not go crazy.The fact that someone will challenge someone on the Internet should not mean anything in people's lives and should be educated about it.Because if it means it is something wrong with them.",,,,,,,,,,,,,,,,,,,,,,,,,,,,,,,,,,,,,,,,,,,,,,,,x,,,,,
R_OGMxfWlYziwOvxn,pol,"Nawo≈Çywanie do wykluczenia, zohydzanie i stygmatyzowanie. Otwarte nawo≈Çywanie do zab√≥jstwa, wygnania czy eliminacji z ≈ºycia spo≈Çecznego.","Calling for exclusion, zohydration and stigmatization.Open calling for murder, exile or elimination from social life.",,,,,,,,,,,,x,x,,,,,,,,,,,,,,,,,,,,,,,,,,,,,,,,,,,,,,,,
R_20U9CqxEMsgrdwA,pol,"Okre≈õlenie te jest bezsensowne i puste. U≈ºywane g≈Ç√≥wnie przez tych, kt√≥rzy majƒÖ inne zdanie od mojego i nie akceptujƒÖ moich poglƒÖd√≥w.",This term is senseless and empty.Used mainly by those who have a different opinion from mine and do not accept my views.,,,,,,,,,,,,,,,,,,,,,,,,,,,,,,,,,,,,,,,,,,,,,,,,x,,,,,
R_3dHemh8h28sDmG2,pol,MowƒÖ nienawi≈õci jest dla mnie zwyk≈Çe szerzenie przykrych/krzywdzƒÖcych dla drugiej osoby s≈Ç√≥w lub co gorzej czyn√≥w.,"For me, hate speech is the usual spreading of unpleasant/harmful words for the other person or what is worse.",x,,x,,,,,,,,,,,,,,,,,,,,,,,,,,,,,,,,,,,,,,,,,,,,,,,,,,
R_2uUt1z4YIhCYCMr,pol,"Wed≈Çug mnie trudno jest zdefiniowaƒá rzecz, kt√≥ra odbierana jest w spos√≥b subiektywny. Dla niekt√≥rych post mo≈ºe byƒá ≈õmieszny, dla innych neutralny, a dla innych raniƒÖcy. 
Mowƒô nienawi≈õci zdefiniowa≈Çabym jako s≈Çowa, kt√≥re majƒÖ na celu kogo≈õ uraziƒá, naruszyƒá jego poczucie bezpiecze≈Ñstwa lub wy≈õmiaƒá.
Chocia≈º nie. To poda≈Çabym tylko jako jedno z kryteri√≥w mowy nienawi≈õci. 
Nie jestem pewna jak mo≈ºna MN zdefiniowaƒá","In my opinion, it is difficult to define the thing that is perceived in a subjective way.For some, the post may be funny, neutral for others, and for others hurting. I would define hate speech as words that are intended to offend someone, violate his sense of security or make fun of them. Although not.I would give it only as one of the hate speech criteria. I'm not sure how you can define Mn",,x,,,,,,,,,,,,,,,,,,,,,,,,,,,,,,,,,,,,,,,,,,,,,,,,,x,,
R_2CNdBqTWUCYYfig,pol,"MowƒÖ nienawi≈õci sƒÖ wszelkie formy uprzedze≈Ñ rasowych, religijnych oraz dotyczƒÖcych p≈Çci lub to≈ºsamo≈õci p≈Çciowej. Jest niƒÖ tak≈ºe np. rozpowszechnianie nienawi≈õci wobec lekarzy walczƒÖcych z COVID-19. Poza tym jest to oczywi≈õcie nawo≈Çywanie do zrobienia komu≈õ krzywdy, wyrzucenia go z kraju itp.","The speech of hatred is all forms of racial, religious and gender or sexual identity prejudices.It is also, for example, disseminating hatred towards doctors fighting Covid-19.In addition, it is, of course, a call to hurt someone, throwing him out of the country, etc.",,,,,,,,,x,,,x,,,,,,,,,,,,,,,,,x,x,x,,,,,,,,,,,,,,x,,,,,,,,
R_31NTqD1BLa1WtA1,pol,"Bardzo trudno to zdefiniowaƒá. Pewne zachowania da siƒô od razu przypisaƒá do nagannej narracji, pewne sƒÖ ""tylko kontrowersyjne"" a pewne spotykajƒÖ z przewra≈ºliwieniem.","It is very difficult to define.Certain behaviors can be immediately attributed to a reprehensible narrative, they are certain ""only controversial"" and they meet with oversensitivity.",,,,,,,,,,,,,,,,,,,,,,,,,,,,,,,,,,,,,,,,,,,,,,x,,x,,,,,
R_vDfQH1dLhnRpBv3,pol,"Agresywne wypowiedzi, kt√≥rych celem jest zranienie / zdyskredytowanie / poni≈ºenie / wprowadzenie w poczucie zagro≈ºenia / izolacja osoby, grupy, instytucji np. ataki personalne nie poparte argumentami, obelgi, napastowanie, zachƒôcanie innych do przestƒôpstwa na obiekcie wypowiedzi, namawianie do samob√≥jstwa lub samookaleczenia","Aggressive statements aimed at wounding / discredited / humiliating / introducing a sense of danger / isolation of a person, groups, institutions, e.g. personal attacks not supported by arguments, insults, harassment, encouraging others to crime at the facility of statements, persuading to suicide or self -mutilation",,,,,x,,,,,,,,x,,,,,,,,,,x,x,institutions,,,,,,,,,,,,,,,,,,,,,,,,,,,,
R_qDzaCciC9mmyaat,pol,"≈ªyczenie ≈õmierci, szydzenie, ubli≈ºanie, poni≈ºanie, k≈Çamanie na temat innej osoby, ≈ºeby jƒÖ zdeskrydetowac.","The wish of death, mocking, insulting, humiliation, lying about another person to take him.",,x,,,x,,,,,,x,,,,,,,,,,,,,,,,,,,,,,,,,,,,,,,,,,,,,,,,,,
R_22xMMxl9c1Uy0dA,pol,Co≈õ co osobi≈õcie atakuje osobƒô i definiuje ja w negatywny spos√≥b za pomocƒÖ wulgarnych s≈Ç√≥w lub nawo≈Çuje do jej zranienia lub zabicia,Something that personally attacks a person and defines it in a negative way with vulgar words or calls to hurt or kill,,x,,,,,,,,,,x,x,,,,,,,,x,,x,,,,,,,,,,,,,,,,,,,,,,,,,,,,,,
R_3KUazYOpAf7q4vM,pol,"Mowa nienawi≈õci to mowa, kt√≥ra nawo≈Çuje, podrzega do psychicznej lub fizycznej przemocy w stosunku do danej osoby lub grupy os√≥b.","Hate speech is a speech that calls for, subordinates to mental or physical violence in relation to a given person or a group of people.",,,,,,,,,,,,x,x,,,,,,,,,,x,x,,,,,,,,,,,,,,,,,,,,,,,,,,,,,
R_3oXjvH5Pm9NvDBB,pol,"Powa≈ºne obra≈ºanie (np. ""≈õmieƒá""), odbieranie prawa do ≈ºycia i funkcjonowania w spo≈Çecze≈Ñstwie, gro≈ºenie ≈õmierciƒÖ, pobiciem, nƒôkaniem, gwa≈Çtem","Serious insulting (e.g. ""garbage""), receiving the right to life and functioning in society, threatening death, beating, harassment, rape",,x,,x,,,x,,,,,,,,,,,,,,,,,,,,,,,,,,,,,,,,,,,,,,,,,,,,,,
R_1igir7LQZj6U1VY,pol,mowa majƒÖca odcz≈Çowieczaƒá jednostki i grupy i nawo≈Çywaƒá do nieprzyznawania im powszechnych praw i obowiƒÖzk√≥w,speech to dehumanize units and groups and call for not grants universal rights and obligations,,,,,,,,x,,,,,,,,,,,,,,,x,x,,,,,,,,,,,,,,,,,,,,,,,,,,,,,
R_3dRFlJRXuw8AepO,pol,"Wyra≈ºanie swojej opinii w niekulturalny i obra≈∫liwy spos√≥b, poglƒÖdy dyskryminujƒÖce np. rasizm, seksizm itd.","Expressing your opinion in an uncultural and offensive way, discriminatory views, e.g. racism, sexism, etc.",,x,,,,,,,,x,,,,,,discriminatory,,,,,,,,,,,x,,x,,,,,,,,,,,,,,,,x,,,,,,,,
R_2R24Q7AHqgea1UM,pol,Mowa nienawi≈õci to wypowiedzi nawo≈ÇujƒÖce do przemocy wobec okre≈õlonej grupy os√≥b lub urƒÖgajce jej godno≈õci albo przypisujƒÖce jej cechy o nacechowaniu wyra≈∫nie negatywnym.,Hate speech is statements calling for violence against a specific group of people or striking her dignity or attributing its features of a clearly negative character.,,,,,,,,,x,,x,x,x,,,,,,,,,,,x,,,,,,,,,,,,,,,,,,,,,,,,,,,,,
R_09rX9WhfqsXu9l7,pol,"Jest to nawo≈Çywanie do prze≈õladowa≈Ñ danych grup spo≈Çecznych spo≈Çeczno≈õci bƒÖd≈∫ jednostek, nie jest to zwyk≈Çe ad personam.","It is a call for persecution of social groups of communities or individuals, it is not an ordinary ad personam.",,,,,,,,,x,,,x,x,,,,,,,,,,x,x,,,,,,,,,,,,,,,,,,,,,,,,,,,,,
R_2PtiX7BI0D7yVy3,pol,"Publicznie i prywatnie wysy≈Çane gro≈∫by odnoszƒÖce siƒô do pochodzenia,koloru sk√≥ry,religii,p≈Çci,orientacji seksualnej. Publiczny lincz i o≈õmieszanie na forach czy mediach spo≈Çeczno≈õciowych. Intencyjny bodyshaming,publiczne wyjawianie danych personalnych w celu utrudnienia ≈ºycia drugiej osobie.","Public and privately sent threats relating to origin, skin color, religion, sex, sexual orientation.Public lynching and ridicule on forums or social media.Intent Bodyshaming, public revelation of personal data to hinder the life of the other person.",,,,,x,,,,x,,,,,,,,,,,,,,,,,,x,x,x,x,,,,,,,x,,,,,,,,,,,,,,,,public or private
R_3fYO7YlkYPKr3Sg,pol,"Dehumanizowanie, nawo≈Çywanie do morderstwa, co≈õ co obiektywnie przez wiƒôkszo≈õƒá ludzi jest uznawane za nienawistne.","Dehumanization, calling to murder, something that objectively by most people is considered hateful.",,,,,,,,x,x,,,,,,,,,,,,,,,,,,,,,,,,,,,,,,,,,,,,,,,,,,,,
R_3IYm2OzcClcRM3Z,pol,Osobi≈õcie zdefiniowa≈Çabym 'mowƒô nienawi≈õci' jako odmawianie godno≈õci drugiemu cz≈Çowiekowi z jakiegokolwiek powodu.,"Personally, I would define 'hate speech' as denying dignity to other people for any reason.",x,,,,,,,,,,,,,,,denying dignity,,,,,,,,,,,,,,,,,,,,,,,,,,,,,,,,,,,,,
R_OqwEiE9Fsu2NyUh,pol,"Mowa nienawi≈õci namawia do dzia≈Çania, nakazuje i wzbudza w ludziach agresje i potrzebƒô wymierzenia w≈Çasnej sprawiedliwo≈õci.","Hate speech urges action, orders and arouses aggressions and the need to impose their own justice.",,,,,,,,,x,,,x,,,,,,,,,,,,,,,,,,,,,,,,,,,,,,,,,,,,,,,,,
R_CeQ6iuBmAq0bnrP,pol,"Mowa nienawi≈õci to bezpo≈õrednie nawol6wanie do przemocy, prze≈õladowa≈Ñ oraz podejmowania radyklanych dzia≈Ça≈Ñ wobec mniejszo≈õci.  Wystƒôpuje jedynie wtedy gdy s≈Çowa zaiwrraja bezpodstawne gro≈∫by na tle rasowym, p≈Çciowym itp. Mowa nienawi≈õci zatem nie jest szydzenie z czyi≈õ  cech charakteru bƒÖd≈∫ wyglƒÖdu","Hate speech is a direct penetration for violence, persecution and taking radline actions to the minorities.Occurs only when the words are sofaed, unjustified threats on the racial, sexual background, etc. Hate speech is therefore not to mock someone character traits or appearance",,,,,,,,,x,,,,x,,,,,,,,,,,,,,x,,,,x,,,,,,,,,x,,,,,,,,,,,,,
R_Asuk8Ltp6nhgKNX,pol,Mowa nienawi≈õci to nawo≈Çywanie do niechƒôci bƒÖd≈∫ agresji do grupy lub osoby na podstawie fa≈Çszywych przekona≈Ñ lub stereotyp√≥w,Hate speech is a call to reluctance or aggression to a group or a person based on false beliefs or stereotypes,,,,,,,,,,,x,x,,,,,,,,,,,,,,,,,,,,,,,,,,,,,,,,,,,,,,,,,
R_1jIkJ8ZRfuBWEa6,pol,"Nie ma czego≈õ takiego jak mowa nienawi≈õci. Jeste≈õmy tylko my. Szarzy ludzie kt√≥rzy chcƒÖ ≈ºeby ich zauwa≈ºono po≈õr√≥d setek tysiƒôcy innych szarych ludzi, ale w nat≈Çoku informacji jeste≈õmy w stanie wy≈Çapaƒá i zapamiƒôtaƒá jedynie skrajno≈õci i skrajne wypowiedzi. ""Mowa nienawi≈õci"" jest produktem ubocznym ≈õwiadomo≈õci ludzkiej kt√≥ra nie jest w stanie sobiƒô poradziƒá z milionem odcieni koloru szarego i chcƒÖc nie chcƒÖc porcjuje rzeczywisto≈õƒá na ""bia≈Çe"" i ""czarne"".","There is no such thing as hate speech.We are only us.Gray people who want them to be noticed among hundreds of thousands of other gray people, but in the sheer volume of information we are able to catch and remember only extremes and extreme statements.""Hate speech"" is a side product of human consciousness that is unable to cope with a million shades of gray and, if not wanting, it portions reality on ""white"" and ""black"".",,,,,,,,,,,,,,,,,,,,,,,,,,,,,,,,,,,,,,,,,,,,,,x,,x,,,,,
R_8BPN9FR8rT29WRb,pol,"W sumie ≈õmieszy mnie, ≈ºe ludzie obra≈ºajƒÖ siƒô jak kto≈õ co≈õ napisze w internecie. Okre≈õlenie ""mowa nienawi≈õci"" jest zdecydowanie nadu≈ºywane w tych czasach, zresztƒÖ nie tylko ono.","All in all, it makes me laugh that people are offended if someone writes on the internet.The term ""hate speech"" is definitely abused in these times, moreover, not only it.",,,,,,,,,,,,,,,,,,,,,,,,,,,,,,,,,,,,,,,,,,,,,,x,,x,,,,,
R_3m8mNZLfBTEDP5m,pol,Uwa≈ºam mowƒô nienawi≈õci za konstrukt o rozmytych granicach s≈Çu≈ºƒÖcy do ograniczania wolno≈õci s≈Çowa i opinii.,I consider hate speech to be a construct with blurred limits used to limit freedom of speech and opinions.,,,,,,,,,,,,,,,,,,,,,,,,,,,,,,,,,,,,,,,,,,,,,,,,x,,x,,,
R_3qrGmrhbVPchNsb,pol,"Mowa, kt√≥ra szczeg√≥lnie wtedy, gdy staje siƒô powszechnie powtarzana, pociƒÖga za sobƒÖ czyjƒÖ≈õ krzywdƒô ‚Äì albo przez fizyczne ataki, albo przez dyskryminacjƒô.","Speech, which, especially when it becomes widely repeated, entails someone's harm - either through physical attacks or by discrimination.",,,,,,,,,x,,,x,,,,discrimination,,,,,,,,,,,,,,,,,,,,,,,,,,,,,,,,,,,,,
R_6R51mKGxFLHsaaZ,pol,"Nie istnieje co≈õ takiego jak mowa nienawi≈õci, jest to po prostu fiku≈õne okre≈õlenie wszystkich wypowiedzi kt√≥re nie zgadzajƒÖ siƒô z poglƒÖdami ludzi dla kt√≥rych majonez jest pikantny","There is no such thing as hate speech, it is simply a fancy term for all statements that do not agree with the views of people for whom mayonnaise is spicy",,,,,,,,,,,,,,,,,,,,,,,,,,,,,,,,,,,,,,,,,,,,,,,,x,,,,,
R_2XbQFHxcaqlRgOJ,pol,"Osoba nie przedstawia w≈Çasnego stanowiska tylko u≈ºywa wulgaryzm√≥w bezpo≈õrednio wobec osoby, z kt√≥rej stanowiskiem siƒô nie zgadza.","The person does not present his own position, but uses profanity directly towards a person from whom he does not agree.",,x,,,,x,,,,,,,,,,,,,,,,,,,,,,,,,,,,,,,,,,,,,,,,,,,,,,,
R_OD3ZjGuXwt2FmuJ,pol,"Wiƒôkszo≈õƒá prezentowanych wypowiedzi nie mia≈Ço dla mnie statusu mowy nienawi≈õci. Tylko jedna wypowied≈∫ mia≈Ça taki charakter, bo nawo≈Çywa≈Ça do agresji i wyra≈ºa≈Ça niechƒôƒá do specyficznej grupy. Wed≈Çug mnie, mowa nienawi≈õci musi mieƒá silnƒÖ komponentƒô ""nienawi≈õci""- nawo≈Çywaƒá do przestƒôpstw wzgl demo innej grupy. Nazwanie kto≈õ g≈Çupim, brzydkim ect. Nie jest mowa nienawi≈õci.","Most of the presented statements did not have the status of hate speech for me.Only one statement had such a character, because it called for aggression and expressed reluctance to a specific group.In my opinion, hate speech must have a strong component of ""hate""- call for crimes a different group.Calling someone stupid, ugly ect. There is no hatred.",,,x,x,,,,,,,,x,x,,,,,,,,,,,x,,,,,,,,,,,,,,,,,,,,,,,,,,,,,
R_2sRPMcp4oU5rx6u,pol,"Dla mnie mowa nienawi≈õci to aktywne nawo≈Çywanie do przemocy. Proste ≈ºarty, czarny humor, czy prawicowe opinie to nie mowa nienawi≈õci.","For me, hate speech is an active call for violence.Simple jokes, black humor or right -wing opinions are not hate.",,,,,,,,,,,,x,x,,,,,,,,,,,,,,,,,,,,,,,,,,,,,,,,,,x,,,,,,
R_2ysI5MaALAj5twa,pol,"Ka≈ºdy rodzaj wy≈õmiewania siƒô z ludzi ze  wzglƒôdu na kolor sk√≥ry, poglƒÖdy polityczne, preferencje seksualne itp","Every kind of ridicule of people because of the skin color, political views, sexual preferences, etc.",,,,x,,,,,,,,,,,,,,,,,,,,,,,x,,,,x,x,,,,,,,,,,,,,,,,,,,,,
R_3EtEU3Fadrmg1iE,pol,"Nie ma czego≈õ takiego jak mowa nienawi≈õci. Mo≈ºna byƒá z≈Çym i wrednym cz≈Çowiekiem, ale okre≈õlenie ""mowy nienawi≈õci"" to upolityczniony buzzword oznaczajƒÖcy wszystko co jest niewygodne dla partii.","There is no such thing as hate speech.You can be a bad and mean man, but the term ""hate speech"" is the politicized buzzword meaning everything that is uncomfortable for the party.",,,,,,,,,,,,,,,,,,,,,,,,,,,,,,,,,,,,,,,,,,,,,,,,x,,,,,
R_3oQQrAcCNHRs7Lr,pol,"Nawo≈Çywanie do przemocy wobec konkretnych os√≥b czy grup, a tak≈ºe przemoc psychiczna i zniewa≈ºanie os√≥b i ich cech (ale nie zachowa≈Ñ)","Calling for violence against specific people or groups, as well as mental violence and insulting people and their features (but not behavior)",,,,,,,,,,,,x,x,,,,,,,,,,x,x,,,,,,,,,,,,,,,,,,x,,,,,,,,,,,
R_3ENoigllIvSeE8r,pol,"Mowa nienawi≈õci jest to zbyt popularne okre≈õlenie kt√≥re s≈Çu≈ºy wszystkiemu i walkƒÖ z religiƒÖ. Warto zauwa≈ºyƒá, ≈ºe w podanych przyk≈Çadach to w≈Ça≈õnie ,, prawicowcy"" mieli ≈∫le odpowiedzi, a lewicowcy te dobre. To lewica by≈Ça ofiarƒÖ. ≈ªeby m√≥wiƒá o m√≥wiƒô nienawi≈õci, trzeba podkre≈õliƒá, ≈ºe czƒôsto lewica te≈º atakuje prawicƒô ,,szkoda, ≈ºe ciƒô kto≈õ nie wyskroba≈Ç"". Tak tylko wspominam w ramach sprawiedliwo≈õci. Mowa nienawi≈õci to wed≈Çug mnie nawo≈Çywanie do fizycznej i psychicznej agresji przeciwko jednostkom/grupom oraz ich obra≈ºanie. To tak≈ºe zak≈Çamanie ≈õwiat≈Ça z OBYDWU stron. To nie dotyczy mniejszo≈õci, ani wiƒôkszo≈õci. To dotyczy wszystkich bez wyjƒÖtku.","Hate speech is a too popular term that serves everything and the fight against religion.It is worth noting that in the examples it was ""right -wingers"" that had bad answers, and the leftists were good. It was the left. It was the left. It was a victim. To talk about hatred, it should be emphasized that the left also often attacks the right, ""it's a pity that someone doesn'tHe scraped out. ""I just remember as part of justice.In my opinion, hate speech is a call to physical and mental aggression against individuals/groups and insulting them.It is also a hypocrisy of light from both sides.This does not apply to minorities or most.This applies to everyone without exception.",x,,,,,,,,,,,,,,,,,,,,,,,,,,,,,,,,,,,,,,,,,,,,,,,,,,,,
R_2zpxNTKcSMmt2E7,pol,"Nawo≈Çywanie do przemocy, ograniczenia wolno≈õci lub gro≈ºenie przemocƒÖ lub innymi wymiernymi dzia≈Çaniami.","Calling to violence, restriction of liberty or threatening with violence or other measurable activities.",,,,,,,,,x,,,x,x,,,,,,,,,,,,,,,,,,,,,,,,,,,,,,,,,,,,,,,,
R_3nkmr5L15azOOdc,pol,My≈õle o mowie nienawi≈õci jako aktywnym m√≥wieniu osobie tre≈õci kt√≥re proponujƒÖ mu samookaleczenie bƒÖd≈∫ samob√≥jstwo,I think about hate speech as an active speaking person content that they offer self -mutilation or suicide,,,,,,,,,,,,,,,,incite to commit suicide,,,,,,,,,,,,,,,,,,,,,,,,,,,,,,,,,,,,,
R_SJG6vlmdr6Epo3L,pol,Jako wymys≈Ç lewak√≥w by wprowadzaƒá ograniczanie wolno≈õci s≈Çowa. Podej≈õcie wziƒôte wprost z totalitarnych ideologii.,As an invention of leftists to introduce limitations of freedom of speech.The approach taken straight from totalitarian ideologies.,,,,,,,,,,,,,,,,,,,,,,,,,,,,,,,,,,,,,,,,,,,,,,,,x,,x,,,
R_33eZaYqd0z4DShC,pol,"Obra≈ºanie innych za ich poglƒÖdy, nawo≈Çywanie do przemocy, promowanie faszyzmu i dewiacji seksualnych (pedofilia, zoofilia).","Offending others for their views, calling for violence, promoting fascism and sexual deviations (pedophilia, zoophilia).",,x,,,,,,,,,,x,x,,,"promotion of facism, pedophilia, and zoophilia",,,,,,,,,,,,,,,,,,,,,,,,,,,,,,,,,,,,,
R_8v9BKD4D3jK4hDH,pol,"M√≥wienie kobietom wychowujƒÖcym dzieci, ≈ºe sƒÖ leniwymi krowami kt√≥rym siƒô robiƒá nie chce i kurami domowymi to promowana aktualnie przez zarzƒÖdc√≥w ≈õwiata mowa nienawi≈õci, akceptowana przez Facebook i innych. Ta mowa nienawi≈õci jest przedstawiana jako mowa z mi≈Ço≈õci do biednych kobiet uciskanych przez macierzy≈Ñstwo , ≈ºeby porzuci≈Çy te niemodne i obrzydliwe zajƒôcia. A zaludnienie siƒô zmniejszy....tylko nie rod≈∫cie tych dzieci.","Telling women raising children that they are lazy cows who do not want to do and home chickens are hate speech currently promoted by world managers, accepted by Facebook and others.This hate speech is presented as a speech for the love of poor women oppressed by motherhood, so that they abandon these unfashionable and disgusting classes.And the population will decrease .... but don't ride these children.",x,,,,,,,,,,,,,,,,,,,,,,,,,,,,,,,,,,,,,,,,,,,,,,,,,,,,
R_AGPr3zz07H6rWjn,pol,"Dla mnie mowƒÖ nienawi≈õci jest ka≈ºde pod≈ºeganie do wyrzƒÖdzenia komu≈õ krzywdy. Ka≈ºdy ma swoje zdanie, na dane tematy i nie powinno zabraniaƒá siƒô wypowiadania w ka≈ºdej kwestii, a druga strona powinna w inteligentny sposil9b przedstawiƒá swoje racje","For me, hate speech is every incitement to hurt someone.Everyone has their own opinion, on a given topics and should not prohibit the speech on every issue, and the other party should in an intelligent way 9b present their arguments",,,,,,,,,,,,x,x,,,,,,,,,,,,,,,,,,,,,,,,,,,,,,,,,,,,,,,,
R_2b3gAXYxeEbxHPK,idn,"Menyerang dan mengancam secara fisik, SARA dan pandangan politik","Attack and threaten physically, SARA and political views",,,,,,,,,x,,,x,x,,,antisemitism,,,,,,,,,,,,,,x,,x,,,,,,,,,,,,,,,,,,,,,
R_2txmsjQw1c3pHew,idn,Membuat orang lain terprovokasi,Make other people provoked,,,,,,,,,,,,,,,,provocative,,,,,,,,,,,,,,,,,,,,,,,,,,,,,,,,,,,,,
R_3sBOfVS5LYBJePq,idn,Ungkapan kebencian terhadap individu / Kelompok,Expressions of hatred towards individuals / groups,,,x,,,,,,,,,,,,,,,,,,,,x,x,,,,,,,,,,,,,,,,,,,,,,,,,,,,,
R_1roA7VANwRyhMH5,idn,"Ujaran kebencian adalah pernyataan yang menjatuhkan suku, ras, agama tertentu","Utterance of hatred is a statement that drops ethnicity, race, certain religion",,,x,,,,,,,,,,,,,,,,,,,,,,,,x,,,x,,,,,,,,,,,,,,,,,,,,,,,
R_3rP4Qd5cVAYPr6k,idn,Semua orang bebas berpendapat. Selama tidak merugikan orang lain,Everyone is free to argue.As long as it does not harm others,,,,,,,,,,,,,,,,,,,,,,,,,,,,,,,,,,,,,,,,,,,,,,x,,,,,,,
R_3nip2pOP0q51XBj,idn,Merendahkan martabat pihak lain,Degrading the dignity of the other,,,,,,,,,,,,,,,,degrading,,,,,,,,,,,,,,,,,,,,,,,,,,,,,,,,,,,,,
R_3nDzseRHfinqSs0,idn,Ungkapan anti terhadap keyakinan orang lain,Anti -expressions of other people's beliefs,x,,,,,,,,,,,,,,,,,,,,,,,,,,,,,,,,,,,,,,,,,,,,,,,,,,,,
R_UXuUyKALmE9mOfT,idn,"Ujaran kebencian itu sederhana: 1. menyinggung SARA, 2. Menyerang personal.","The hate speech is simple: 1. offending SARA, 2. Attacking Personal.",,,,,,,,,x,,,,,,,antisemitism,,,,,,,,,,,,,,,,,,,,,,,,,,,,,,,,,,,,,
R_239wS245kaGvR8k,idn,Suatu tulisan yang mengancam dan menghina orang,A writing that threatens and insults people,,,,,,x,,,x,,,,,,x,,,,,,,,,,,,,,,,,,,,,,,,,,,,,,,,,,,,,,
R_3p9fKdgmTFghJ6k,idn,merupakn kebebasan yang harus dibatasi,is the freedom that must be limited,x,,,,,,,,,,,,,,,,,,,,,,,,,,,,,,,,,,,,,,,,,,,,,,,,,,,,
R_3qmlZsQZL535192,idn,No comment,No comment,,,,,,,,,,,,,,,,,,,,,,,,,,,,,,,,,,,,,,,,,,,,,,x,,,,,,,
R_3FUQzkDajVC8Tjy,idn,Tidak,No,,,,,,,,,,,,,,,,,,,,,,,,,,,,,,,,,,,,,,,,,,,,,,x,,,,,,,