raw,Input.ResponseId,preds,pred
R_DdbAOuoFbHrAJi1; 0,R_DdbAOuoFbHrAJi1, 0,0.0
R_2wRJ02DIiZo922Y; 0,R_2wRJ02DIiZo922Y, 0,0.0
R_5AzZnv5O7loLrRn; 1,R_5AzZnv5O7loLrRn, 1,1.0
R_3nH4DvesGulMwrl; 1,R_3nH4DvesGulMwrl, 1,1.0
R_3fwN9VuK2ssVzFA; 1,R_3fwN9VuK2ssVzFA, 1,1.0
R_prs0q7PTQRO8xWN; 1,R_prs0q7PTQRO8xWN, 1,1.0
R_We1CW5vM96bGllT; 1,R_We1CW5vM96bGllT, 1,1.0
R_21BTlRgxtDWgIQJ; 0,R_21BTlRgxtDWgIQJ, 0,0.0
R_2CKgEdBv1GKpO2d; 1,R_2CKgEdBv1GKpO2d, 1,1.0
R_wSu4hU1OqNtNevv; 0,R_wSu4hU1OqNtNevv, 0,0.0
R_DFXbRQ3Q6VD00YF; 1,R_DFXbRQ3Q6VD00YF, 1,1.0
R_bfj878ftZOE9ASB; 1,R_bfj878ftZOE9ASB, 1,1.0
R_3FKymYdg8Z1g7OI; 1,R_3FKymYdg8Z1g7OI, 1,1.0
R_3jZ4GXiUnnPm1jc; 1,R_3jZ4GXiUnnPm1jc, 1,1.0
R_3O85E7MbBT4eld1; 1,R_3O85E7MbBT4eld1, 1,1.0
R_sUysyDfXHFc7pa9; 1,R_sUysyDfXHFc7pa9, 1,1.0
R_2SBGZGDS0D4DYTQ; 1,R_2SBGZGDS0D4DYTQ, 1,1.0
R_1QL2b1NzH0GWW1L; 0,R_1QL2b1NzH0GWW1L, 0,0.0
R_u9xcTKY1vqfjZtL; 1,R_u9xcTKY1vqfjZtL, 1,1.0
R_3j8QQ5Nya1RSRnU; 1,R_3j8QQ5Nya1RSRnU, 1,1.0
"R_SK0xTDeYLKFZbMd; I would return 0 for this question, as the definition ""No opinion"" does not inherently present misinformation as a content feature of hate speech.",R_SK0xTDeYLKFZbMd," I would return 0 for this question, as the definition ""No opinion"" does not inherently present misinformation as a content feature of hate speech.",0.0
R_1fZ2Clsdck11FLl; 1,R_1fZ2Clsdck11FLl, 1,1.0
R_xlWr7sJm08slyEN; 0,R_xlWr7sJm08slyEN, 0,0.0
R_211w1vyT6NIypeK; 1,R_211w1vyT6NIypeK, 1,1.0
R_ZrbIF8gL8z9okdr; 1,R_ZrbIF8gL8z9okdr, 1,1.0
R_2RVdOGqYMEVCcUw; 0,R_2RVdOGqYMEVCcUw, 0,0.0
R_3lQhUZrZQLnz8Dc; 1,R_3lQhUZrZQLnz8Dc, 1,1.0
R_zUd4ERzG2XM5HfX; 1,R_zUd4ERzG2XM5HfX, 1,1.0
R_3saCVw1AZuUyBQM; 1,R_3saCVw1AZuUyBQM, 1,1.0
R_2QXUN8IMpSylhZ4; 0,R_2QXUN8IMpSylhZ4, 0,0.0
R_12Mt1FkjB3eJpu6; 1,R_12Mt1FkjB3eJpu6, 1,1.0
R_3qlpJ1a3M2FrgSW; 1,R_3qlpJ1a3M2FrgSW, 1,1.0
R_1pS5kwLdd8lzQBD; 0,R_1pS5kwLdd8lzQBD, 0,0.0
R_W393r39DSCjj8v7; 0,R_W393r39DSCjj8v7, 0,0.0
R_6VxoXMdU2hz0KxX; 1,R_6VxoXMdU2hz0KxX, 1,1.0
R_ymXAGJBjK6sQEet; 1,R_ymXAGJBjK6sQEet, 1,1.0
R_3O0LpQLcSDiujWA; 1,R_3O0LpQLcSDiujWA, 1,1.0
R_3EtZ6c4RiAEMvvR; 1,R_3EtZ6c4RiAEMvvR, 1,1.0
R_1AeYDyCl4XxLZ7z; 0,R_1AeYDyCl4XxLZ7z, 0,0.0
R_1EYzbw5wsjQR5dE; 1,R_1EYzbw5wsjQR5dE, 1,1.0
R_3p3HtGwuI5wjnsT; 1,R_3p3HtGwuI5wjnsT, 1,1.0
R_1QFVyozuD96SDGE; 1,R_1QFVyozuD96SDGE, 1,1.0
R_3jUqN4rORuph9x1; 1,R_3jUqN4rORuph9x1, 1,1.0
R_2fe9BWw0EU9DyxA; 0,R_2fe9BWw0EU9DyxA, 0,0.0
R_3qm5Ux2oq6uty9Z; 1,R_3qm5Ux2oq6uty9Z, 1,1.0
R_udDJ0hW96mza1KV; 1,R_udDJ0hW96mza1KV, 1,1.0
R_2Pe69htIK8FA7AB; 1,R_2Pe69htIK8FA7AB, 1,1.0
R_31bYz6FJKSJ9Ofq; 1,R_31bYz6FJKSJ9Ofq, 1,1.0
R_x5fK2FNiTrAw13z; 0,R_x5fK2FNiTrAw13z, 0,0.0
R_DHM53BmvCLVBjUt; 1,R_DHM53BmvCLVBjUt, 1,1.0
R_3EMxAU2AVtNZQvh; 1,R_3EMxAU2AVtNZQvh, 1,1.0
R_2q9JYunMKPbXGUA; 1,R_2q9JYunMKPbXGUA, 1,1.0
R_297aY6rTN5TRwv7; 1,R_297aY6rTN5TRwv7, 1,1.0
R_30k2aJsX8lpR6aB; 1,R_30k2aJsX8lpR6aB, 1,1.0
R_3iwIUmaiJErH2L4; 0,R_3iwIUmaiJErH2L4, 0,0.0
R_2dg7w07Ek9oxDYe; 1,R_2dg7w07Ek9oxDYe, 1,1.0
R_1DGuhxpasmiTjno; 1,R_1DGuhxpasmiTjno, 1,1.0
R_2tgO5SpQKGKnN2j; 1,R_2tgO5SpQKGKnN2j, 1,1.0
R_po1y14tOywnodS9; 1,R_po1y14tOywnodS9, 1,1.0
R_3J92R37ruXRBZW0; 1,R_3J92R37ruXRBZW0, 1,1.0
R_3dYYPPXCWPo0kJj; 1,R_3dYYPPXCWPo0kJj, 1,1.0
R_3oKDkvYqivEiOQK; 1,R_3oKDkvYqivEiOQK, 1,1.0
R_AM8K4zfieps6fKN; 1,R_AM8K4zfieps6fKN, 1,1.0
R_3OiFuRslorKqzUg; 1,R_3OiFuRslorKqzUg, 1,1.0
R_2Pc9WLtw0QIjuPJ; 1,R_2Pc9WLtw0QIjuPJ, 1,1.0
R_10BexEyr8s0P7f9; 1,R_10BexEyr8s0P7f9, 1,1.0
R_2D2Ah8INtdghGWg; 1,R_2D2Ah8INtdghGWg, 1,1.0
R_CdKH20EuBTS7ffr; 1,R_CdKH20EuBTS7ffr, 1,1.0
R_1CqdoaFtlaP7dxm; 1,R_1CqdoaFtlaP7dxm, 1,1.0
R_79fE3E7SCs1PH9L; 1,R_79fE3E7SCs1PH9L, 1,1.0
R_1dhnJX7DTALPEWN; 1,R_1dhnJX7DTALPEWN, 1,1.0
R_2DZkkwVfSZrjzQQ; 1,R_2DZkkwVfSZrjzQQ, 1,1.0
R_2EcPypHXnqrS8vO; 1,R_2EcPypHXnqrS8vO, 1,1.0
R_1KWsF8AKrBNGs93; 1,R_1KWsF8AKrBNGs93, 1,1.0
R_31oTmskF5lo3OMu; 1,R_31oTmskF5lo3OMu, 1,1.0
R_1dccAI1XHYAkTnD; 0,R_1dccAI1XHYAkTnD, 0,0.0
R_QmpzC30Tzfqbg2t; 1,R_QmpzC30Tzfqbg2t, 1,1.0
R_1ONbwSs5RsyGOHa; 1,R_1ONbwSs5RsyGOHa, 1,1.0
R_O8RGM0VeaRU5nsB; 1,R_O8RGM0VeaRU5nsB, 1,1.0
R_2fkveOX3ghRmOdR; 1,R_2fkveOX3ghRmOdR, 1,1.0
R_2BzWH3ihtO2QSfA; 1,R_2BzWH3ihtO2QSfA, 1,1.0
R_xhzU3uRkBoDCNC9; 1,R_xhzU3uRkBoDCNC9, 1,1.0
R_qPjONIIOQXbGmlj; 0,R_qPjONIIOQXbGmlj, 0,0.0
R_3EVWI9I27eKoGVW; 1,R_3EVWI9I27eKoGVW, 1,1.0
R_Rs4FqiwLQW7fpst; 1,R_Rs4FqiwLQW7fpst, 1,1.0
R_1QiRq95KZxRpCxL; 1,R_1QiRq95KZxRpCxL, 1,1.0
R_2CjGuJ5boxe7VfF; 1,R_2CjGuJ5boxe7VfF, 1,1.0
R_27yzkFfdCdpSziw; 1,R_27yzkFfdCdpSziw, 1,1.0
R_1LdqAFTkJgizKnO; 1,R_1LdqAFTkJgizKnO, 1,1.0
R_3PXGDwVHVbxHP0K; 0,R_3PXGDwVHVbxHP0K, 0,0.0
R_3r2qhBb2Uo3384N; 1,R_3r2qhBb2Uo3384N, 1,1.0
R_VQOBptdIpeFvYit; 0,R_VQOBptdIpeFvYit, 0,0.0
R_3kHawT7gpPUpSHU; 0,R_3kHawT7gpPUpSHU, 0,0.0
R_BtSEiC1zmOq1YxX; 1,R_BtSEiC1zmOq1YxX, 1,1.0
R_0wuaZhnuIZw0FDb; 0,R_0wuaZhnuIZw0FDb, 0,0.0
R_2s1gen48UGjft5p; 1,R_2s1gen48UGjft5p, 1,1.0
R_2qaxCtcbUWLdWN0; 1,R_2qaxCtcbUWLdWN0, 1,1.0
R_1MKcAmNKMpqU694; 1,R_1MKcAmNKMpqU694, 1,1.0
R_1ifKKzaRduAnSQi; 1,R_1ifKKzaRduAnSQi, 1,1.0
R_zYUgcehDFTMR1hD; 0,R_zYUgcehDFTMR1hD, 0,0.0
R_3rIlJOEuj9wEEQM; 1,R_3rIlJOEuj9wEEQM, 1,1.0
R_1Qg3GOsZzskhjPl; 1,R_1Qg3GOsZzskhjPl, 1,1.0
R_3eajXY4Yucrrkr9; 1,R_3eajXY4Yucrrkr9, 1,1.0
R_TvheMIJlSC8ueTD; 1,R_TvheMIJlSC8ueTD, 1,1.0
R_2D2BFiQDbVdmnPs; 1,R_2D2BFiQDbVdmnPs, 1,1.0
R_1HV79O6LpfRcKNr; 0,R_1HV79O6LpfRcKNr, 0,0.0
R_1NlB4uUw8T0aXv6; 1,R_1NlB4uUw8T0aXv6, 1,1.0
R_2R2DCUAn1bBdcTY; 1,R_2R2DCUAn1bBdcTY, 1,1.0
R_2f1Id2Wv5yBzhtg; 1,R_2f1Id2Wv5yBzhtg, 1,1.0
R_UEYgiJsgcdN0OhH; 1,R_UEYgiJsgcdN0OhH, 1,1.0
R_2nw65gsZt7ChEhb; 1,R_2nw65gsZt7ChEhb, 1,1.0
R_11cmTdG07pVjrXU; 1,R_11cmTdG07pVjrXU, 1,1.0
R_1jwVNEeFf87EKi6; 1,R_1jwVNEeFf87EKi6, 1,1.0
R_3MLRUbU6TTk0Clr; 1,R_3MLRUbU6TTk0Clr, 1,1.0
R_2Ui8A1SpIkZQQJs; 1,R_2Ui8A1SpIkZQQJs, 1,1.0
R_1hWutxm9zDASE5e; 0,R_1hWutxm9zDASE5e, 0,0.0
R_3EYZvTxzwGhJOyq; 1,R_3EYZvTxzwGhJOyq, 1,1.0
R_2YSqQNDTOS4SbAg; 1,R_2YSqQNDTOS4SbAg, 1,1.0
R_OoHzf7qXiGwc5Fv; 1,R_OoHzf7qXiGwc5Fv, 1,1.0
R_RWzISM5RR9dKAgh; 1,R_RWzISM5RR9dKAgh, 1,1.0
R_2VlLPnPTwb2fGRe; 1,R_2VlLPnPTwb2fGRe, 1,1.0
R_116D7qc4uOGSdXy; 1,R_116D7qc4uOGSdXy, 1,1.0
R_sLlqgxj0JiVIqZz; 1,R_sLlqgxj0JiVIqZz, 1,1.0
R_1oAqYOe5iVLAEbF; 1,R_1oAqYOe5iVLAEbF, 1,1.0
R_1rHbJkYaKwXXxTT; 1,R_1rHbJkYaKwXXxTT, 1,1.0
R_1DD6SzbNUb29upo; 1,R_1DD6SzbNUb29upo, 1,1.0
R_5ALw1xNLbnueYQF; 0,R_5ALw1xNLbnueYQF, 0,0.0
R_2arhnf5bGgbDtVX; 1,R_2arhnf5bGgbDtVX, 1,1.0
R_1Ivl2fcNt9vXO2q; 1,R_1Ivl2fcNt9vXO2q, 1,1.0
R_3CVZXiT2lblfsdv; 1,R_3CVZXiT2lblfsdv, 1,1.0
R_3Jln0bgYsqH2Llq; 1,R_3Jln0bgYsqH2Llq, 1,1.0
R_2qBEIqj9jQqnIBD; 0,R_2qBEIqj9jQqnIBD, 0,0.0
"R_1Kr1eg3qZ3pYwME; Yes, this definition does not specifically mention misinformation as a content feature of hate speech. Hence, the answer is 0.",R_1Kr1eg3qZ3pYwME," Yes, this definition does not specifically mention misinformation as a content feature of hate speech. Hence, the answer is 0.",0.0
R_30nGX8M9nSnqC7Q; 0,R_30nGX8M9nSnqC7Q, 0,0.0
R_bIBy2ZT44v3QURr; 1,R_bIBy2ZT44v3QURr, 1,1.0
R_2VEexUTKt4FAc3C; 1,R_2VEexUTKt4FAc3C, 1,1.0
R_097pzgjjuPAMrfj; 1,R_097pzgjjuPAMrfj, 1,1.0
R_2YQAD8mcNAxyzu2; 1,R_2YQAD8mcNAxyzu2, 1,1.0
R_AHcUt1tz0Rbvhnj; 1,R_AHcUt1tz0Rbvhnj, 1,1.0
R_10HhcPOnZu5N644; 1,R_10HhcPOnZu5N644, 1,1.0
R_1QithelJzeUIf7W; 1,R_1QithelJzeUIf7W, 1,1.0
R_uftahRq1OqIKedj; 0,R_uftahRq1OqIKedj, 0,0.0
R_3dGLdkLURK1UwHm; 1,R_3dGLdkLURK1UwHm, 1,1.0
R_1n3jgy8jL0DvhCg; 1,R_1n3jgy8jL0DvhCg, 1,1.0
R_6EiXw5g0j8hOmJ3; 1,R_6EiXw5g0j8hOmJ3, 1,1.0
R_2wiDvovpFwZHxaZ; 0,R_2wiDvovpFwZHxaZ, 0,0.0
R_3R8dtLKwaV7EIQp; 1,R_3R8dtLKwaV7EIQp, 1,1.0
R_3g703cwmXNB3O9j; 0,R_3g703cwmXNB3O9j, 0,0.0
R_ZF8r5vKKTt4DfS9; 0,R_ZF8r5vKKTt4DfS9, 0,0.0
R_XM5r9zRurEFXdEB; 1,R_XM5r9zRurEFXdEB, 1,1.0
R_2bWvGoR4L9CzYh3; 1,R_2bWvGoR4L9CzYh3, 1,1.0
"R_2QAGRYOO4EzR0K7; The definition of hate speech provided does not explicitly mention misinformation as a content feature of hate speech. Therefore, the answer is 0.",R_2QAGRYOO4EzR0K7," The definition of hate speech provided does not explicitly mention misinformation as a content feature of hate speech. Therefore, the answer is 0.",0.0
R_237FOCIQ1zvzoLV; 0,R_237FOCIQ1zvzoLV, 0,0.0
R_1Cptdc7dTwIwoLL; 1,R_1Cptdc7dTwIwoLL, 1,1.0
R_3nGwBdavvnwns5j; 0,R_3nGwBdavvnwns5j, 0,0.0
R_2CplHanzzsUP2x1; 1,R_2CplHanzzsUP2x1, 1,1.0
R_2ToNEBRe3DPasIt; 1,R_2ToNEBRe3DPasIt, 1,1.0
R_866C70rDmPTnc89; 1,R_866C70rDmPTnc89, 1,1.0
R_27xUlgEil2N3Gii; 1,R_27xUlgEil2N3Gii, 1,1.0
R_32ROYl0NPVL5e0b; 1,R_32ROYl0NPVL5e0b, 1,1.0
R_2rxbNiukb3l11Np; 0,R_2rxbNiukb3l11Np, 0,0.0
R_b2BSlYoo48bkF3j; 1,R_b2BSlYoo48bkF3j, 1,1.0
R_3hatqiD0efZv3z4; 1,R_3hatqiD0efZv3z4, 1,1.0
R_3nq68MWh2JiLWx3; 1,R_3nq68MWh2JiLWx3, 1,1.0
R_1BRFTdJipx4wPZA; 1,R_1BRFTdJipx4wPZA, 1,1.0
R_3r197JtntGEqnJI; 0,R_3r197JtntGEqnJI, 0,0.0
R_3QWVZo0VtC2wbP5; 1,R_3QWVZo0VtC2wbP5, 1,1.0
R_2TKU20HO5d7Z8bg; 1,R_2TKU20HO5d7Z8bg, 1,1.0
R_1cY5J2UYhxuPJwd; 1,R_1cY5J2UYhxuPJwd, 1,1.0
R_27PaefZ60JSXIrO; 0,R_27PaefZ60JSXIrO, 0,0.0
R_2fqypGVauxT3Chs; 0,R_2fqypGVauxT3Chs, 0,0.0
R_1CDOIKTE7saPhT3; 1,R_1CDOIKTE7saPhT3, 1,1.0
R_3fORJWH4dxMzuAN; 1,R_3fORJWH4dxMzuAN, 1,1.0
R_pgUUxVBpTO56YLf; 0,R_pgUUxVBpTO56YLf, 0,0.0
R_3s7w41vCu7cgLE8; 1,R_3s7w41vCu7cgLE8, 1,1.0
R_r9MUNhu3JossIlr; 0,R_r9MUNhu3JossIlr, 0,0.0
R_1M54MNGZ8Ja2KO8; 0,R_1M54MNGZ8Ja2KO8, 0,0.0
R_0rEoyhfQwdv0DLP; 1,R_0rEoyhfQwdv0DLP, 1,1.0
R_2f0pY4RgJRvtbI1; 1,R_2f0pY4RgJRvtbI1, 1,1.0
R_22n2mZFltBYJYps; 1,R_22n2mZFltBYJYps, 1,1.0
R_3NWnsTe8dM5x2WQ; 1,R_3NWnsTe8dM5x2WQ, 1,1.0
R_2B40CYy5HdYCXR3; 1,R_2B40CYy5HdYCXR3, 1,1.0
R_5tM8hsiti6nUhGx; 1,R_5tM8hsiti6nUhGx, 1,1.0
R_UneUi5EC8jQk3G9; 1,R_UneUi5EC8jQk3G9, 1,1.0
R_OkwZdgA2F5tnXfX; 1,R_OkwZdgA2F5tnXfX, 1,1.0
R_TdwvoOSVXasasUh; 1,R_TdwvoOSVXasasUh, 1,1.0
R_eW0kjNOcHVnMKOt; 1,R_eW0kjNOcHVnMKOt, 1,1.0
R_2tbTKK5FNoQxoY5; 1,R_2tbTKK5FNoQxoY5, 1,1.0
R_9mgU3y14AKGCcM1; 1,R_9mgU3y14AKGCcM1, 1,1.0
R_Ufs6IjjhpcyBhRL; 1,R_Ufs6IjjhpcyBhRL, 1,1.0
R_1gHLai1Xi2wl8eU; 1,R_1gHLai1Xi2wl8eU, 1,1.0
R_uajltA52zYXZ61z; 1,R_uajltA52zYXZ61z, 1,1.0
R_4YoUQIPGjt7DlbH; 0,R_4YoUQIPGjt7DlbH, 0,0.0
R_2wKwgNFRVaFuAFl; 1,R_2wKwgNFRVaFuAFl, 1,1.0
R_VUBiKR7GJQImOVr; 0,R_VUBiKR7GJQImOVr, 0,0.0
R_2EgXmvwMgvFgrut; 0,R_2EgXmvwMgvFgrut, 0,0.0
R_2OHexdPEgOvhBxi; 1,R_2OHexdPEgOvhBxi, 1,1.0
R_1NnvD9djEImy6ZP; 1,R_1NnvD9djEImy6ZP, 1,1.0
R_1lsK6hm99yw9q7j; 1,R_1lsK6hm99yw9q7j, 1,1.0
R_1j7zTobOeHye3Fv; 1,R_1j7zTobOeHye3Fv, 1,1.0
R_31YuHhPzxxVuCub; 1,R_31YuHhPzxxVuCub, 1,1.0
R_2D6TTyG7pWB4u5M; 1,R_2D6TTyG7pWB4u5M, 1,1.0
R_dpwCbXLBK6imj29; 0,R_dpwCbXLBK6imj29, 0,0.0
R_1hzEKaTHQGiLk9M; 1,R_1hzEKaTHQGiLk9M, 1,1.0
R_3CZwdny6VnUCWHx; 1,R_3CZwdny6VnUCWHx, 1,1.0
R_2TntLEyJ31Zl05k; 1,R_2TntLEyJ31Zl05k, 1,1.0
R_3ZWsoioOPuAiAhz; 1,R_3ZWsoioOPuAiAhz, 1,1.0
R_2EhlWmf5ylnDay6; 0,R_2EhlWmf5ylnDay6, 0,0.0
R_pg7HMr4Cjc9CJ4R; 1,R_pg7HMr4Cjc9CJ4R, 1,1.0
R_1mm8npvM0RODFJ2; 1,R_1mm8npvM0RODFJ2, 1,1.0
R_3iVeQ0RZlrVfSRh; 1,R_3iVeQ0RZlrVfSRh, 1,1.0
R_2fwBfbg97ByiBSh; 0,R_2fwBfbg97ByiBSh, 0,0.0
R_1OlEEFD45m1smBo; 1,R_1OlEEFD45m1smBo, 1,1.0
R_1Ed2kRGpDX6Ic7D; 1,R_1Ed2kRGpDX6Ic7D, 1,1.0
R_2f7DRaRg4In48aW; 1,R_2f7DRaRg4In48aW, 1,1.0
R_1qezNF0lYwKQYsT; 0,R_1qezNF0lYwKQYsT, 0,0.0
R_3Mm9ZzHH0hfOucQ; 1,R_3Mm9ZzHH0hfOucQ, 1,1.0
R_2dXt5hG4dpLM5Uw; 1,R_2dXt5hG4dpLM5Uw, 1,1.0
R_2lPHJZObTTIYTmh; 1,R_2lPHJZObTTIYTmh, 1,1.0
"R_sN0MxLyIm8FaytP; The definition does not present misinformation as a content feature of hate speech. Therefore, the answer is 0.",R_sN0MxLyIm8FaytP," The definition does not present misinformation as a content feature of hate speech. Therefore, the answer is 0.",0.0
R_3wRo4h9EUq2C9vH; 1,R_3wRo4h9EUq2C9vH, 1,1.0
R_3EyxTR1uwtISd5n; 1,R_3EyxTR1uwtISd5n, 1,1.0
R_bvjzAZbRa2z02iJ; 0,R_bvjzAZbRa2z02iJ, 0,0.0
R_3qe8lCXdEDZGWDc; 1,R_3qe8lCXdEDZGWDc, 1,1.0
R_2qdCbjvIaU7E5oj; 1,R_2qdCbjvIaU7E5oj, 1,1.0
R_vpllHzKkGEJ1pwl; 1,R_vpllHzKkGEJ1pwl, 1,1.0
R_3PHxNQmFONMSBcR; 1,R_3PHxNQmFONMSBcR, 1,1.0
R_0HthGaW8lXG8Xyp; 1,R_0HthGaW8lXG8Xyp, 1,1.0
R_sb3AplRcUFX0rTP; 1,R_sb3AplRcUFX0rTP, 1,1.0
R_WigyRbOS3J3WjYJ; 1,R_WigyRbOS3J3WjYJ, 1,1.0
R_uslGC0rIs2rdyF3; 1,R_uslGC0rIs2rdyF3, 1,1.0
R_21tXraYQAssHMNW; 1,R_21tXraYQAssHMNW, 1,1.0
R_1msFFyXCvwW9A4Q; 1,R_1msFFyXCvwW9A4Q, 1,1.0
R_3rS1XnYzTfV2S13; 1,R_3rS1XnYzTfV2S13, 1,1.0
R_2TKMCFsUlQUww2o; 1,R_2TKMCFsUlQUww2o, 1,1.0
"R_1P1UXTCJFFNTziK; I would return 0 for ""no"" because the definition provided does not explicitly mention misinformation as a content feature of hate speech.",R_1P1UXTCJFFNTziK," I would return 0 for ""no"" because the definition provided does not explicitly mention misinformation as a content feature of hate speech.",0.0
R_3hxujBj7DHguYaB; 1,R_3hxujBj7DHguYaB, 1,1.0
R_2WNiFeLzKFl9GMk; 1,R_2WNiFeLzKFl9GMk, 1,1.0
R_bd86gXFpKY5LoUV; 1,R_bd86gXFpKY5LoUV, 1,1.0
R_3OlkhuPVMfED506; 1,R_3OlkhuPVMfED506, 1,1.0
R_2QL29pANdl07cLc; 1,R_2QL29pANdl07cLc, 1,1.0
R_zUB0hh5CvwukbKN; 1,R_zUB0hh5CvwukbKN, 1,1.0
R_OfFxaY6GJCXgSsN; 0,R_OfFxaY6GJCXgSsN, 0,0.0
R_8iR6cZSHU6WcQjn; 1,R_8iR6cZSHU6WcQjn, 1,1.0
R_40esw3n3O4D9jr3; 1,R_40esw3n3O4D9jr3, 1,1.0
R_qCTD41Ha2Z0eRtT; 1,R_qCTD41Ha2Z0eRtT, 1,1.0
R_3PcnvmfQPFJh6Z2; 1,R_3PcnvmfQPFJh6Z2, 1,1.0
R_3nl8APR2r0INuO2; 0,R_3nl8APR2r0INuO2, 0,0.0
R_1jBN3u8APliAEZ8; 1,R_1jBN3u8APliAEZ8, 1,1.0
R_2dmSNuv97L8wby8; 0,R_2dmSNuv97L8wby8, 0,0.0
R_31nqigVWAK9A5Sl; 1,R_31nqigVWAK9A5Sl, 1,1.0
R_86rpjY5F3JMFm7v; 1,R_86rpjY5F3JMFm7v, 1,1.0
R_3r085mcmrBcfVIm; 1,R_3r085mcmrBcfVIm, 1,1.0
R_2e8C4SPjnWG6fWs; 1,R_2e8C4SPjnWG6fWs, 1,1.0
R_28U8t0C0WEblCTR; 1,R_28U8t0C0WEblCTR, 1,1.0
R_3KNN4Kbij4ZcfRe; 1,R_3KNN4Kbij4ZcfRe, 1,1.0
R_1k1yrnqdOS1xsVF; 0,R_1k1yrnqdOS1xsVF, 0,0.0
R_3JK1kDmam331PhG; 1,R_3JK1kDmam331PhG, 1,1.0
R_3s7AyTzCM8XiYuh; 1,R_3s7AyTzCM8XiYuh, 1,1.0
R_2pXEZdYRAofdAGg; 1,R_2pXEZdYRAofdAGg, 1,1.0
"R_tEevCBzbyw2VsYN; Based on the given definition, which translates to ""Do you want total war?"" in English, it does not inherently contain misinformation as a content feature of hate speech. Therefore, I would return 0.",R_tEevCBzbyw2VsYN," Based on the given definition, which translates to ""Do you want total war?"" in English, it does not inherently contain misinformation as a content feature of hate speech. Therefore, I would return 0.",0.0
R_3MDLSjwyjJFtkv0; 1,R_3MDLSjwyjJFtkv0, 1,1.0
R_55Z9JO0lCfXtoC5; 1,R_55Z9JO0lCfXtoC5, 1,1.0
R_e36PQwGBC3DnnAl; 1,R_e36PQwGBC3DnnAl, 1,1.0
R_1CI9EUV19AksLDQ; 1,R_1CI9EUV19AksLDQ, 1,1.0
R_3har8spyq8L7mN3; 1,R_3har8spyq8L7mN3, 1,1.0
R_5sVvXQXmisZ3aQ9; 1,R_5sVvXQXmisZ3aQ9, 1,1.0
R_1LnGcRIUPmmehl2; 1,R_1LnGcRIUPmmehl2, 1,1.0
R_Rb1BrGBX726yUlX; 1,R_Rb1BrGBX726yUlX, 1,1.0
R_31SL8bqUQC9uipe; 1,R_31SL8bqUQC9uipe, 1,1.0
R_3RyJabOCBs7D4pG; 1,R_3RyJabOCBs7D4pG, 1,1.0
R_Ptwuxz3jajplIhH; 1,R_Ptwuxz3jajplIhH, 1,1.0
R_d45qWZTqNfhQkql; 1,R_d45qWZTqNfhQkql, 1,1.0
R_vPpuMT3aHglXjsR; 1,R_vPpuMT3aHglXjsR, 1,1.0
R_TtLbKjRtmReBSzn; 0,R_TtLbKjRtmReBSzn, 0,0.0
R_2scCmF13fZGsmhb; 1,R_2scCmF13fZGsmhb, 1,1.0
R_3F5relNNDJmxX2W; 1,R_3F5relNNDJmxX2W, 1,1.0
R_3sjJWNjN53tAWDZ; 1,R_3sjJWNjN53tAWDZ, 1,1.0
R_2zu10fDlX88Yp28; 1,R_2zu10fDlX88Yp28, 1,1.0
R_3kbq2YE0FA1HiyX; 1,R_3kbq2YE0FA1HiyX, 1,1.0
R_2wot87ZHBTr54Bf; 1,R_2wot87ZHBTr54Bf, 1,1.0
R_1l48UUAsVNSjmAy; 0,R_1l48UUAsVNSjmAy, 0,0.0
R_Z48YuTRDYDwl1ex; 1,R_Z48YuTRDYDwl1ex, 1,1.0
R_2rSnSRotEvxnnpI; 1,R_2rSnSRotEvxnnpI, 1,1.0
R_10AGT9dNSNm2aWu; 0,R_10AGT9dNSNm2aWu, 0,0.0
R_28THh0BoTSU8SXU; 1,R_28THh0BoTSU8SXU, 1,1.0
R_26bBnEyOiokKNml; 1,R_26bBnEyOiokKNml, 1,1.0
R_domBZkUS8uZ0Uzn; 0,R_domBZkUS8uZ0Uzn, 0,0.0
R_1IcGWSVjd822nd6; 0,R_1IcGWSVjd822nd6, 0,0.0
R_3G9epC36NqdP3YN; 1,R_3G9epC36NqdP3YN, 1,1.0
R_ABQoTldk6MUgPdf; 1,R_ABQoTldk6MUgPdf, 1,1.0
R_2fj6OJ9yX8BPhSl; 1,R_2fj6OJ9yX8BPhSl, 1,1.0
R_1ISGuXEBu0u9juI; 1,R_1ISGuXEBu0u9juI, 1,1.0
R_29cAUCbU353VxsS; 1,R_29cAUCbU353VxsS, 1,1.0
R_1FrEsRv37v0m4jQ; 1,R_1FrEsRv37v0m4jQ, 1,1.0
R_2EzOG1WaK3Vsqs2; 1,R_2EzOG1WaK3Vsqs2, 1,1.0
R_1eJFTTxJ2aZaMhG; 1,R_1eJFTTxJ2aZaMhG, 1,1.0
R_2zx1Mt5abBkqRVy; 0,R_2zx1Mt5abBkqRVy, 0,0.0
R_3qKFtGl9ZncbQpl; 1,R_3qKFtGl9ZncbQpl, 1,1.0
R_1ialhtuAJBsbVfW; 0,R_1ialhtuAJBsbVfW, 0,0.0
R_3nkZNFKZAiQcvfT; 1,R_3nkZNFKZAiQcvfT, 1,1.0
R_pMA9bCaDixG4qQx; 1,R_pMA9bCaDixG4qQx, 1,1.0
R_3oEHJEwb7kZTzWC; 1,R_3oEHJEwb7kZTzWC, 1,1.0
R_2Pu0T9owNZEJGos; 1,R_2Pu0T9owNZEJGos, 1,1.0
R_3G9uvZt9CfSqDoI; 1,R_3G9uvZt9CfSqDoI, 1,1.0
R_z2v9YQhDhUAb0sh; 0,R_z2v9YQhDhUAb0sh, 0,0.0
R_1Ca8pIopfvw1WXW; 1,R_1Ca8pIopfvw1WXW, 1,1.0
R_NUUibOiKV6gxlYJ; 1,R_NUUibOiKV6gxlYJ, 1,1.0
R_1qUuz36ESZfaFiT; 1,R_1qUuz36ESZfaFiT, 1,1.0
R_3HAev9MhhYd9Z04; 0,R_3HAev9MhhYd9Z04, 0,0.0
R_2qBQpzTO8EGA0id; 0,R_2qBQpzTO8EGA0id, 0,0.0
R_2EtWQmZsWJuEKVo; 1,R_2EtWQmZsWJuEKVo, 1,1.0
R_3MS6HvvbDrYpbpp; 1,R_3MS6HvvbDrYpbpp, 1,1.0
R_10YFRNDxfN6Z5bD; 0,R_10YFRNDxfN6Z5bD, 0,0.0
R_37pHizF7otvIECZ; 1,R_37pHizF7otvIECZ, 1,1.0
R_2fqCI5WuVz7DX3z; 1,R_2fqCI5WuVz7DX3z, 1,1.0
R_3oMxmlMWuyZ7t9J; 1,R_3oMxmlMWuyZ7t9J, 1,1.0
R_3JlKlg9fP7UxKdy; 1,R_3JlKlg9fP7UxKdy, 1,1.0
R_T6N53ppT5rOzuUh; 1,R_T6N53ppT5rOzuUh, 1,1.0
R_2ARuY4CKBcMldiE; 1,R_2ARuY4CKBcMldiE, 1,1.0
R_6sOp3aRKwQLPPk5; 1,R_6sOp3aRKwQLPPk5, 1,1.0
R_DtWINX4rdbCi50Z; 1,R_DtWINX4rdbCi50Z, 1,1.0
R_2xzTGPKZToMzeQa; 1,R_2xzTGPKZToMzeQa, 1,1.0
R_2scJZ90mSoREU09; 1,R_2scJZ90mSoREU09, 1,1.0
R_3fHTS4EaQuPIW4T; 1,R_3fHTS4EaQuPIW4T, 1,1.0
R_3jYHyHm6ucw34Hn; 0,R_3jYHyHm6ucw34Hn, 0,0.0
R_3qVU0d6CiqhJBYD; 0,R_3qVU0d6CiqhJBYD, 0,0.0
R_2QszdPqrVA6h6Ed; 1,R_2QszdPqrVA6h6Ed, 1,1.0
R_RgIlxi4bEBzjJXb; 1,R_RgIlxi4bEBzjJXb, 1,1.0
R_3fYQ43MP9G77cgB; 1,R_3fYQ43MP9G77cgB, 1,1.0
R_segzELb2G80t7wd; 1,R_segzELb2G80t7wd, 1,1.0
R_2YDnnsnOQl175Dz; 1,R_2YDnnsnOQl175Dz, 1,1.0
R_RE59LIkNr2phFMR; 1,R_RE59LIkNr2phFMR, 1,1.0
R_290LEBrLGLiZW9R; 1,R_290LEBrLGLiZW9R, 1,1.0
R_2tDwyQoChIb4IIE; 1,R_2tDwyQoChIb4IIE, 1,1.0
R_27wmDvObjQeOmgJ; 1,R_27wmDvObjQeOmgJ, 1,1.0
R_2s5Wm9sCGaW9Y8a; 1,R_2s5Wm9sCGaW9Y8a, 1,1.0
R_3OcRazEfXKvnxQO; 1,R_3OcRazEfXKvnxQO, 1,1.0
R_3qyg1hBjj9AJQyv; 1,R_3qyg1hBjj9AJQyv, 1,1.0
R_9FZMUQqMo56hEnn; 1,R_9FZMUQqMo56hEnn, 1,1.0
R_2ru6Phq21dAOhTQ; 1,R_2ru6Phq21dAOhTQ, 1,1.0
R_3snz1PzYPiOwg7c; 0,R_3snz1PzYPiOwg7c, 0,0.0
R_2uCcI7Rn4gWkjdN; 1,R_2uCcI7Rn4gWkjdN, 1,1.0
R_3ke8xHqmF6jVYn3; 1,R_3ke8xHqmF6jVYn3, 1,1.0
R_2Y3zK93qRMj0bTw; 1,R_2Y3zK93qRMj0bTw, 1,1.0
R_2flGydKvE6Cbmjm; 0,R_2flGydKvE6Cbmjm, 0,0.0
R_3QPowW2kSnMwWsl; 1,R_3QPowW2kSnMwWsl, 1,1.0
R_D80FEtt13PkOFq1; 1,R_D80FEtt13PkOFq1, 1,1.0
R_22QyAq8688zxP3d; 0,R_22QyAq8688zxP3d, 0,0.0
R_2amZus90pEYg4ly; 1,R_2amZus90pEYg4ly, 1,1.0
R_3PsO4B2tqjx8t5W; 1,R_3PsO4B2tqjx8t5W, 1,1.0
R_3oWN546jCu0IO86; 1,R_3oWN546jCu0IO86, 1,1.0
R_Av36crJnj6hsGK5; 1,R_Av36crJnj6hsGK5, 1,1.0
R_3PpCURQnNb9AIXD; 0,R_3PpCURQnNb9AIXD, 0,0.0
R_1mhf8E3Bcs95xH6; 1,R_1mhf8E3Bcs95xH6, 1,1.0
R_OPtwQITuEbaFMjL; 1,R_OPtwQITuEbaFMjL, 1,1.0
R_1rp2a6wXmXGvlhe; 1,R_1rp2a6wXmXGvlhe, 1,1.0
R_26m403AvrEGcV5S; 1,R_26m403AvrEGcV5S, 1,1.0
R_1GPa6uIhtXsyjrs; 0,R_1GPa6uIhtXsyjrs, 0,0.0
R_tXxlkidNR7f5Wkp; 0,R_tXxlkidNR7f5Wkp, 0,0.0
R_1eQSnpHdp7keB6o; 1,R_1eQSnpHdp7keB6o, 1,1.0
R_1mCt28hnKdVCFNL; 1,R_1mCt28hnKdVCFNL, 1,1.0
R_3MfYRS93HYwrMvh; 1,R_3MfYRS93HYwrMvh, 1,1.0
R_3EQDhOtofmfSsbf; 0,R_3EQDhOtofmfSsbf, 0,0.0
R_1BPofzQh886MHcL; 1,R_1BPofzQh886MHcL, 1,1.0
R_8p6OAei2Ja9tz5n; 1,R_8p6OAei2Ja9tz5n, 1,1.0
R_zTh2w3eqIbqGs4F; 1,R_zTh2w3eqIbqGs4F, 1,1.0
R_OoKvO53zEAyg1wt; 1,R_OoKvO53zEAyg1wt, 1,1.0
R_3HigWS1f7nVuxby; 1,R_3HigWS1f7nVuxby, 1,1.0
R_1mnsqMtX5QnDrec; 1,R_1mnsqMtX5QnDrec, 1,1.0
R_25BdfzlYsZVeMpD; 1,R_25BdfzlYsZVeMpD, 1,1.0
R_V54B7PK7Og162DD; 1,R_V54B7PK7Og162DD, 1,1.0
R_2xRWXPcL8OethtJ; 1,R_2xRWXPcL8OethtJ, 1,1.0
R_YY1K7uCsgzYQw9j; 1,R_YY1K7uCsgzYQw9j, 1,1.0
R_210uDcZ2bd0uj41; 1,R_210uDcZ2bd0uj41, 1,1.0
R_2TQKNlbVEmUy4tD; 1,R_2TQKNlbVEmUy4tD, 1,1.0
R_3rGlmcHYCs6he9D; 1,R_3rGlmcHYCs6he9D, 1,1.0
R_24OJxBW2XEHVEhr; 1,R_24OJxBW2XEHVEhr, 1,1.0
R_3fk3GGx4nCYw4CL; 1,R_3fk3GGx4nCYw4CL, 1,1.0
R_20SzEuGi2WKNDEu; 1,R_20SzEuGi2WKNDEu, 1,1.0
R_Rw5r48tKgvIhX0Z; 1,R_Rw5r48tKgvIhX0Z, 1,1.0
R_2e4iubFkO0yUzw3; 1,R_2e4iubFkO0yUzw3, 1,1.0
R_2CJ2911LV74bj6L; 1,R_2CJ2911LV74bj6L, 1,1.0
R_w6mlvVgStUmqQ7L; 1,R_w6mlvVgStUmqQ7L, 1,1.0
R_3O1TvS4cGJYWoG0; 1,R_3O1TvS4cGJYWoG0, 1,1.0
R_2wtT5ZfRSUdUSX9; 0,R_2wtT5ZfRSUdUSX9, 0,0.0
R_0ro6Pk3RXfvBNvj; 1,R_0ro6Pk3RXfvBNvj, 1,1.0
R_3OeKkvMzpeDwwmN; 1,R_3OeKkvMzpeDwwmN, 1,1.0
R_2AMCfUm4KdPoS6r; 1,R_2AMCfUm4KdPoS6r, 1,1.0
R_2uR65uXK0Z9RHz7; 1,R_2uR65uXK0Z9RHz7, 1,1.0
"R_2fCIjo1nCh0qofO; The personal hate speech definition provided does not contain misinformation as a specific content feature. Therefore, the answer is 0.",R_2fCIjo1nCh0qofO," The personal hate speech definition provided does not contain misinformation as a specific content feature. Therefore, the answer is 0.",0.0
R_3r19wt1TWlQSJKW; 1,R_3r19wt1TWlQSJKW, 1,1.0
R_uyWJfmFcdqT7nwJ; 1,R_uyWJfmFcdqT7nwJ, 1,1.0
R_2pMEmpHKkg0YKyj; 0,R_2pMEmpHKkg0YKyj, 0,0.0
R_2dz0EJ2yjHDgt7E; 1,R_2dz0EJ2yjHDgt7E, 1,1.0
R_ut9sSHKev08ooeZ; 1,R_ut9sSHKev08ooeZ, 1,1.0
R_1BYgZo0IYhB2ErY; 1,R_1BYgZo0IYhB2ErY, 1,1.0
R_1mfMj9Rpu7qibLX; 1,R_1mfMj9Rpu7qibLX, 1,1.0
R_3e8qwxz6GgdUsAR; 1,R_3e8qwxz6GgdUsAR, 1,1.0
R_ZgIUWDDnScnK8EN; 1,R_ZgIUWDDnScnK8EN, 1,1.0
R_10q1nrA33xoiP0C; 1,R_10q1nrA33xoiP0C, 1,1.0
R_2VdK0OfgHxOTF6r; 0,R_2VdK0OfgHxOTF6r, 0,0.0
R_3sywkfaNgSVQyx5; 1,R_3sywkfaNgSVQyx5, 1,1.0
R_1pnabZh7TpJvft1; 1,R_1pnabZh7TpJvft1, 1,1.0
R_1f2uoqPAHfQ5F4z; 1,R_1f2uoqPAHfQ5F4z, 1,1.0
R_ZC7lh0UAzCJc0xj; 1,R_ZC7lh0UAzCJc0xj, 1,1.0
R_12Pui3IAF9CQ5cp; 1,R_12Pui3IAF9CQ5cp, 1,1.0
R_3npCfaGbVmUeJ1o; 1,R_3npCfaGbVmUeJ1o, 1,1.0
R_3R4yX1sJnvRYlNB; 1,R_3R4yX1sJnvRYlNB, 1,1.0
R_Ti6sIFmBkiYcHKh; 1,R_Ti6sIFmBkiYcHKh, 1,1.0
R_4ZKNOs1IudG7Bnj; 1,R_4ZKNOs1IudG7Bnj, 1,1.0
R_1IiJiUnwr3oNajO; 1,R_1IiJiUnwr3oNajO, 1,1.0
R_OrhGjZGaQalBUIh; 1,R_OrhGjZGaQalBUIh, 1,1.0
R_1rkpg7Tj8PymnDA; 1,R_1rkpg7Tj8PymnDA, 1,1.0
R_3GvOFKMpTJhXczR; 1,R_3GvOFKMpTJhXczR, 1,1.0
R_2dtocaEolPT59gE; 0,R_2dtocaEolPT59gE, 0,0.0
R_33gbB1BxxoP8xTF; 0,R_33gbB1BxxoP8xTF, 0,0.0
R_3PMlfqPskwcGrbJ; 1,R_3PMlfqPskwcGrbJ, 1,1.0
R_1mIzJskWK2MnVnJ; 1,R_1mIzJskWK2MnVnJ, 1,1.0
R_tStgBr9Iy3USyRP; 0,R_tStgBr9Iy3USyRP, 0,0.0
R_2bUCTgM43rHuSVa; 1,R_2bUCTgM43rHuSVa, 1,1.0
R_3CN9gnjchP4fbPy; 1,R_3CN9gnjchP4fbPy, 1,1.0
R_e3d7V6ZgvuYkGYN; 1,R_e3d7V6ZgvuYkGYN, 1,1.0
R_39IWLvOwdBuwnzH; 0,R_39IWLvOwdBuwnzH, 0,0.0
R_3hAUvAznc5Vy4GY; 1,R_3hAUvAznc5Vy4GY, 1,1.0
R_297gwHR3lVUUyiN; 1,R_297gwHR3lVUUyiN, 1,1.0
R_3lteTxeXm2Urf7M; 1,R_3lteTxeXm2Urf7M, 1,1.0
R_4PnSJduo5tylLnr; 0,R_4PnSJduo5tylLnr, 0,0.0
R_2SqW0Bk51KED9wA; 1,R_2SqW0Bk51KED9wA, 1,1.0
R_2uOJIqJnaLOPHEi; 0,R_2uOJIqJnaLOPHEi, 0,0.0
R_3qCeJdShRFIoYCJ; 0,R_3qCeJdShRFIoYCJ, 0,0.0
R_ehvrlr2xqdPwHhD; 1,R_ehvrlr2xqdPwHhD, 1,1.0
R_72j8l6xqlqVNPfb; 1,R_72j8l6xqlqVNPfb, 1,1.0
R_1d6VeFXUN7Mq2mC; 1,R_1d6VeFXUN7Mq2mC, 1,1.0
"R_3emm0qRy4aTSxn0; The definition ""nothing"" does not contain any content feature of hate speech such as lies, stereotypes, false accusations, or generalizations. Therefore, the answer is 0.",R_3emm0qRy4aTSxn0," The definition ""nothing"" does not contain any content feature of hate speech such as lies, stereotypes, false accusations, or generalizations. Therefore, the answer is 0.",0.0
R_10U7HnRo1ofybcN; 0,R_10U7HnRo1ofybcN, 0,0.0
R_2U9FFZcRULa126R; 0,R_2U9FFZcRULa126R, 0,0.0
R_28REB7LrBA6tIyI; 1,R_28REB7LrBA6tIyI, 1,1.0
R_AonUvRsD5AYReF3; 1,R_AonUvRsD5AYReF3, 1,1.0
R_bjRDopP7ceVUlzz; 1,R_bjRDopP7ceVUlzz, 1,1.0
R_1QoXF7oIatO90Id; 0,R_1QoXF7oIatO90Id, 0,0.0
R_77YvGdpMonLpgB3; 1,R_77YvGdpMonLpgB3, 1,1.0
R_3e4Qh2et3NRLNor; 1,R_3e4Qh2et3NRLNor, 1,1.0
R_1eWqsDngMcDCJuF; 1,R_1eWqsDngMcDCJuF, 1,1.0
R_2fqywewdNweFqv2; 1,R_2fqywewdNweFqv2, 1,1.0
R_3qHvzNoueUPfiFw; 1,R_3qHvzNoueUPfiFw, 1,1.0
R_2BqzGQPvFhdkNSM; 1,R_2BqzGQPvFhdkNSM, 1,1.0
R_28ZBXywqWxeXkM4; 0,R_28ZBXywqWxeXkM4, 0,0.0
R_8Dh2Gf04pkImiqt; 1,R_8Dh2Gf04pkImiqt, 1,1.0
R_1Ia38fwGAT2xncy; 1,R_1Ia38fwGAT2xncy, 1,1.0
R_PBX1p13fSyFZ48p; 1,R_PBX1p13fSyFZ48p, 1,1.0
R_3suza3l6DNNdggS; 1,R_3suza3l6DNNdggS, 1,1.0
R_3fe2RnMPESAKPWu; 1,R_3fe2RnMPESAKPWu, 1,1.0
R_2VrP0iZv6pEYv85; 1,R_2VrP0iZv6pEYv85, 1,1.0
R_3phuyJtiiUvs9cI; 0,R_3phuyJtiiUvs9cI, 0,0.0
R_3ennjtgIjBtsuoB; 0,R_3ennjtgIjBtsuoB, 0,0.0
R_25TUYeMAw9hYaqP; 1,R_25TUYeMAw9hYaqP, 1,1.0
R_28Mu0hnlDi3dv4N; 1,R_28Mu0hnlDi3dv4N, 1,1.0
R_2v0bWRoYgU7BK8y; 1,R_2v0bWRoYgU7BK8y, 1,1.0
R_pSk167ppDdDqsV3; 1,R_pSk167ppDdDqsV3, 1,1.0
R_2fBwRlWToTmtO6p; 1,R_2fBwRlWToTmtO6p, 1,1.0
R_1cTIFIvdysVTy0G; 1,R_1cTIFIvdysVTy0G, 1,1.0
R_ReKKPh9pruxD7NL; 1,R_ReKKPh9pruxD7NL, 1,1.0
R_2DNAEadNRz2K6pe; 1,R_2DNAEadNRz2K6pe, 1,1.0
R_3PbLVhDib1CrJxv; 0,R_3PbLVhDib1CrJxv, 0,0.0
R_3melbWKKdiStjjf; 1,R_3melbWKKdiStjjf, 1,1.0
"R_271LKRynAUxZHZ9; Based on the provided definition, it seems that the content feature of misinformation is not explicitly highlighted. Therefore, I would return 0.",R_271LKRynAUxZHZ9," Based on the provided definition, it seems that the content feature of misinformation is not explicitly highlighted. Therefore, I would return 0.",0.0
R_3KU4xbmMP53bfXV; I cannot provide an answer to that question.,R_3KU4xbmMP53bfXV, I cannot provide an answer to that question.,
R_125qKNeHO89mBgp; 0,R_125qKNeHO89mBgp, 0,0.0
R_6us94NIhWxhv7Xz; 1,R_6us94NIhWxhv7Xz, 1,1.0
R_3g0YrO4JuB5WwVu; 0,R_3g0YrO4JuB5WwVu, 0,0.0
R_2WvCpsVzbH5rzPe; 1,R_2WvCpsVzbH5rzPe, 1,1.0
R_BVYpaNc7PUfbYE9; 1,R_BVYpaNc7PUfbYE9, 1,1.0
R_25LdRV8o2ylafdu; 1,R_25LdRV8o2ylafdu, 1,1.0
R_2rZcrl6omeBmRwm; 1,R_2rZcrl6omeBmRwm, 1,1.0
R_7NGOIJXiJ22SF5T; 1,R_7NGOIJXiJ22SF5T, 1,1.0
R_BEx3ZcsdrAwk65j; 1,R_BEx3ZcsdrAwk65j, 1,1.0
R_39uigbdL8lOu9X3; 1,R_39uigbdL8lOu9X3, 1,1.0
R_cA6ACCLfTR6rGYF; 0,R_cA6ACCLfTR6rGYF, 0,0.0
R_CmGn2wAIpSpLLxL; 0,R_CmGn2wAIpSpLLxL, 0,0.0
R_1jerqiWZDvDKrLd; 1,R_1jerqiWZDvDKrLd, 1,1.0
R_qLC90Z0rFL148vf; 1,R_qLC90Z0rFL148vf, 1,1.0
R_4VCoKGpzJLttMsN; 1,R_4VCoKGpzJLttMsN, 1,1.0
R_T5D43I9roB8gGB3; 1,R_T5D43I9roB8gGB3, 1,1.0
R_3EEF63RwLOmfoJi; 1,R_3EEF63RwLOmfoJi, 1,1.0
R_1n3dT272GqUt8pR; 1,R_1n3dT272GqUt8pR, 1,1.0
R_5mtLUKSXb91tVhT; 1,R_5mtLUKSXb91tVhT, 1,1.0
R_1OOEQw0P5Q5Nnfc; 1,R_1OOEQw0P5Q5Nnfc, 1,1.0
R_2EGKcnd61xaNq5I; 0,R_2EGKcnd61xaNq5I, 0,0.0
R_2rVnYsITyhpua2f; 0,R_2rVnYsITyhpua2f, 0,0.0
R_4I8CG8tScSfDgCl; 1,R_4I8CG8tScSfDgCl, 1,1.0
R_26i09FZXULKT9Gz; 1,R_26i09FZXULKT9Gz, 1,1.0
R_PTyQRHhEP8N40s9; 1,R_PTyQRHhEP8N40s9, 1,1.0
R_1ifez47hlOotrGE; 1,R_1ifez47hlOotrGE, 1,1.0
R_2ARWAln1V7eXecz; 1,R_2ARWAln1V7eXecz, 1,1.0
R_3psVtm3fhwyE8KK; 1,R_3psVtm3fhwyE8KK, 1,1.0
R_1gHGwkuH6z1IaPU; 0,R_1gHGwkuH6z1IaPU, 0,0.0
R_xuwXKgoKLISsoXn; 1,R_xuwXKgoKLISsoXn, 1,1.0
R_2uHxE6exZJPMd65; 1,R_2uHxE6exZJPMd65, 1,1.0
R_QiUyGpxEMtmYYQp; 1,R_QiUyGpxEMtmYYQp, 1,1.0
R_26g7XtBg0xT2Dnw; 1,R_26g7XtBg0xT2Dnw, 1,1.0
R_74gTCIFTOMCtTpv; 1,R_74gTCIFTOMCtTpv, 1,1.0
R_1Xn1M0xfv7G2nWF; 1,R_1Xn1M0xfv7G2nWF, 1,1.0
R_ZIQo7pJvVrtQWJz; 1,R_ZIQo7pJvVrtQWJz, 1,1.0
R_2Vm6v5SwbF24dkk; 1,R_2Vm6v5SwbF24dkk, 1,1.0
R_40cMr9sWoGOlybn; 0,R_40cMr9sWoGOlybn, 0,0.0
R_22nySwofFA1G1tg; 0,R_22nySwofFA1G1tg, 0,0.0
R_2YESAvQM5Ro1suJ; 1,R_2YESAvQM5Ro1suJ, 1,1.0
R_29hokrxb1FlTmiC; 1,R_29hokrxb1FlTmiC, 1,1.0
R_23axIWUvFRKJLXp; 1,R_23axIWUvFRKJLXp, 1,1.0
R_33xNOUQqAbkUT0T; 1,R_33xNOUQqAbkUT0T, 1,1.0
R_3RfoE5n2mGfwhA7; 1,R_3RfoE5n2mGfwhA7, 1,1.0
R_1dtehk39lc2dGSA; 1,R_1dtehk39lc2dGSA, 1,1.0
R_2A0zirZNmVKRBM8; 1,R_2A0zirZNmVKRBM8, 1,1.0
R_3FQi43yFimLfM0C; 1,R_3FQi43yFimLfM0C, 1,1.0
R_3EZqYfQZCCg33P0; 1,R_3EZqYfQZCCg33P0, 1,1.0
R_3fC9mSKbtigBMeX; 1,R_3fC9mSKbtigBMeX, 1,1.0
R_2SwrcpoFEedEsCm; 0,R_2SwrcpoFEedEsCm, 0,0.0
R_1Iz4qoVFDt7XvlL; 1,R_1Iz4qoVFDt7XvlL, 1,1.0
R_3QJJ6Ty3Slktnt0; 1,R_3QJJ6Ty3Slktnt0, 1,1.0
R_1Q3IldxamO3I8zK; 1,R_1Q3IldxamO3I8zK, 1,1.0
R_1GxJjll6ENEaelf; 1,R_1GxJjll6ENEaelf, 1,1.0
R_BA4mPPSjxFUNESR; 1,R_BA4mPPSjxFUNESR, 1,1.0
R_2eRKBboHb61dKxj; 1,R_2eRKBboHb61dKxj, 1,1.0
R_3DqqdSAGlCyGbnc; 1,R_3DqqdSAGlCyGbnc, 1,1.0
R_28SzGonZK1ZakoL; 0,R_28SzGonZK1ZakoL, 0,0.0
R_27VWiM7MVYQ6GiK; 0,R_27VWiM7MVYQ6GiK, 0,0.0
R_1CBy0FrpFwgD5FJ; 1,R_1CBy0FrpFwgD5FJ, 1,1.0
R_pipDMP9OVD1U0Zb; 1,R_pipDMP9OVD1U0Zb, 1,1.0
R_2SIxRbNriOGGwDo; 1,R_2SIxRbNriOGGwDo, 1,1.0
R_1n1NBaG2ObDqYmv; 1,R_1n1NBaG2ObDqYmv, 1,1.0
R_3JC0Q67ioUIGWqs; 1,R_3JC0Q67ioUIGWqs, 1,1.0
R_1rugVtq4fG83VkA; 1,R_1rugVtq4fG83VkA, 1,1.0
R_9AnzYVbM0kSKcVj; 1,R_9AnzYVbM0kSKcVj, 1,1.0
R_1OZBfKsZclLT2eq; 0,R_1OZBfKsZclLT2eq, 0,0.0
R_2VkY5WasFs4Wubz; 1,R_2VkY5WasFs4Wubz, 1,1.0
R_cIpe0UD3RVmW5Ox; 0,R_cIpe0UD3RVmW5Ox, 0,0.0
R_3oNQhgB4iizIC53; 0,R_3oNQhgB4iizIC53, 0,0.0
R_3hnKLn7nt7IxZ3T; 1,R_3hnKLn7nt7IxZ3T, 1,1.0
R_2QDLplJagabzwo7; 0,R_2QDLplJagabzwo7, 0,0.0
R_1EXrQdXVvn8hlYN; 1,R_1EXrQdXVvn8hlYN, 1,1.0
R_1pssSEgaXAyx8bh; 1,R_1pssSEgaXAyx8bh, 1,1.0
R_3foPkv2HfD1htzY; 1,R_3foPkv2HfD1htzY, 1,1.0
R_2SHA0Vp9fs7yfPa; 1,R_2SHA0Vp9fs7yfPa, 1,1.0
R_1NFEAIQMSNrEyn7; 1,R_1NFEAIQMSNrEyn7, 1,1.0
R_2PA3kiXSX6SESRz; 1,R_2PA3kiXSX6SESRz, 1,1.0
R_3fJl8KGrXevhM13; 1,R_3fJl8KGrXevhM13, 1,1.0
R_3kyVVfd4ncUxtkD; 1,R_3kyVVfd4ncUxtkD, 1,1.0
"R_31XIoO22DWLY7s1; Based on the given definition, the content feature of hate speech would include misinformation, such as lies, stereotypes, false accusations, and generalizations. Therefore, the answer is 1.",R_31XIoO22DWLY7s1," Based on the given definition, the content feature of hate speech would include misinformation, such as lies, stereotypes, false accusations, and generalizations. Therefore, the answer is 1.",1.0
R_OqCoVetkSXeHUVH; 1,R_OqCoVetkSXeHUVH, 1,1.0
R_10NrylrlXSBWtsg; 1,R_10NrylrlXSBWtsg, 1,1.0
R_22ym3FAQOmJrMRU; 1,R_22ym3FAQOmJrMRU, 1,1.0
R_3PIgU999QtRqaFw; 1,R_3PIgU999QtRqaFw, 1,1.0
R_UWtZ37XpVkVAZEJ; 1,R_UWtZ37XpVkVAZEJ, 1,1.0
R_2Tw60iTYK1HY9bJ; 1,R_2Tw60iTYK1HY9bJ, 1,1.0
R_2CpJcwkGk2CuKMU; 1,R_2CpJcwkGk2CuKMU, 1,1.0
R_25MEpKy8iCjPsKm; 0,R_25MEpKy8iCjPsKm, 0,0.0
R_1OSLfLoRNI1S4BG; 1,R_1OSLfLoRNI1S4BG, 1,1.0
R_3FJKvLwcz7R91m4; 1,R_3FJKvLwcz7R91m4, 1,1.0
R_2EnNTRqG1EeC9UQ; 0,R_2EnNTRqG1EeC9UQ, 0,0.0
R_DNrjkSy2E1gSPHr; 1,R_DNrjkSy2E1gSPHr, 1,1.0
"R_tSTPzzOzjuNDmfL; 1. Yes, this definition presents misinformation as a content feature of hate speech, including lies, stereotypes, false accusations, and generalizations.",R_tSTPzzOzjuNDmfL," 1. Yes, this definition presents misinformation as a content feature of hate speech, including lies, stereotypes, false accusations, and generalizations.",1.0
R_1Ea5PFuU3Ab1sMX; 1,R_1Ea5PFuU3Ab1sMX, 1,1.0
R_5C0b9ktYsxaTBK1; 1,R_5C0b9ktYsxaTBK1, 1,1.0
R_2al7GS6f3dXib8C; 1,R_2al7GS6f3dXib8C, 1,1.0
R_2akOOjZYah68kva; 1,R_2akOOjZYah68kva, 1,1.0
R_cMS2ZehIgOTgiat; 1,R_cMS2ZehIgOTgiat, 1,1.0
R_2tFOPtzwanxhZIJ; 1,R_2tFOPtzwanxhZIJ, 1,1.0
R_SAAKKkFR1q1B2RX; 1,R_SAAKKkFR1q1B2RX, 1,1.0
R_BKbQw9WIkYH61Db; 1,R_BKbQw9WIkYH61Db, 1,1.0
R_27kuB8vzKMk9v6q; 1,R_27kuB8vzKMk9v6q, 1,1.0
R_1Bw5ashOps4iaop; 1,R_1Bw5ashOps4iaop, 1,1.0
R_pEimRIPeYQmfFXH; 1,R_pEimRIPeYQmfFXH, 1,1.0
R_1IiMAsdnwcTjI0e; 1,R_1IiMAsdnwcTjI0e, 1,1.0
R_eGbsjA6ASwRV8qd; 1,R_eGbsjA6ASwRV8qd, 1,1.0
R_26hHPbsp32S32FD; 1,R_26hHPbsp32S32FD, 1,1.0
R_9XDYihorlFPGkMh; 1,R_9XDYihorlFPGkMh, 1,1.0
R_3gS1ZS7eQpylcAJ; 1,R_3gS1ZS7eQpylcAJ, 1,1.0
R_116ZeTM8KqbMcbH; 1,R_116ZeTM8KqbMcbH, 1,1.0
R_1NgJBTnXKOIatne; 1,R_1NgJBTnXKOIatne, 1,1.0
R_3J9o3nXpBjLe5xo; 1,R_3J9o3nXpBjLe5xo, 1,1.0
R_2DNxcp6nsxbdcu7; 1,R_2DNxcp6nsxbdcu7, 1,1.0
R_paTKLfirobJ4pdD; 1,R_paTKLfirobJ4pdD, 1,1.0
R_TgWLLfq96bgjktz; 0,R_TgWLLfq96bgjktz, 0,0.0
R_300mTRRnpxErPge; 1,R_300mTRRnpxErPge, 1,1.0
R_2abFDMsMolwGVpN; 1,R_2abFDMsMolwGVpN, 1,1.0
R_3s6oUhN7DzoOKNU; 1,R_3s6oUhN7DzoOKNU, 1,1.0
"R_28SUdmBQlpaEZPa; The definition presented does not explicitly mention misinformation as a content feature of hate speech, so I would return 0.",R_28SUdmBQlpaEZPa," The definition presented does not explicitly mention misinformation as a content feature of hate speech, so I would return 0.",0.0
R_3GvTiYmK52plJhm; 1,R_3GvTiYmK52plJhm, 1,1.0
R_3lJl47GC0gIzqbL; 0,R_3lJl47GC0gIzqbL, 0,0.0
R_6D4PEowZLXjoD2p; 1,R_6D4PEowZLXjoD2p, 1,1.0
R_302DpxAfgWIgvu4; 1,R_302DpxAfgWIgvu4, 1,1.0
R_2woS7CGLAAsXRR4; 1,R_2woS7CGLAAsXRR4, 1,1.0
R_50GOwH9Mt6qx3GN; 1,R_50GOwH9Mt6qx3GN, 1,1.0
R_3HSQgOdNWzDzmAH; 1,R_3HSQgOdNWzDzmAH, 1,1.0
R_3L7OdLKrB01Llxu; 1,R_3L7OdLKrB01Llxu, 1,1.0
R_2CNxTmSLIXolqPu; 1,R_2CNxTmSLIXolqPu, 1,1.0
R_C9LpvFssTUaTdrr; 1,R_C9LpvFssTUaTdrr, 1,1.0
R_1jZg7T7dGo9sqGx; 0,R_1jZg7T7dGo9sqGx, 0,0.0
R_3CDRrMmcfpLHx3V; 1,R_3CDRrMmcfpLHx3V, 1,1.0
R_3egzeHuFNAb3RE9; 1,R_3egzeHuFNAb3RE9, 1,1.0
R_21cx7RkNOgMdyfL; 0,R_21cx7RkNOgMdyfL, 0,0.0
R_2AHetWRWpokrEUh; 1,R_2AHetWRWpokrEUh, 1,1.0
R_25IlqGRwl3iNBip; 1,R_25IlqGRwl3iNBip, 1,1.0
R_2y78xHgP5MFHV5t; 1,R_2y78xHgP5MFHV5t, 1,1.0
R_1HRPwTxiOaTNlx7; 1,R_1HRPwTxiOaTNlx7, 1,1.0
R_1Q4W3lGZ8UllCgE; 1,R_1Q4W3lGZ8UllCgE, 1,1.0
R_1HXKMPjj5kOI2XL; 1,R_1HXKMPjj5kOI2XL, 1,1.0
R_1CmgT7byzSDSf7y; 0,R_1CmgT7byzSDSf7y, 0,0.0
"R_2vcXnrzte0dMkWE; I'm sorry, but I cannot make a determination about the content of a hate speech definition without actually knowing its contents. However, I can help you identify common features of hate speech if you provide specific instances or characteristics from the definition you mentioned.",R_2vcXnrzte0dMkWE," I'm sorry, but I cannot make a determination about the content of a hate speech definition without actually knowing its contents. However, I can help you identify common features of hate speech if you provide specific instances or characteristics from the definition you mentioned.",
R_2VabHoxh2zjraUN; 1,R_2VabHoxh2zjraUN, 1,1.0
R_3HHvH9hDsf2V1AJ; 1,R_3HHvH9hDsf2V1AJ, 1,1.0
R_3frbxM95AWz5KTH; 1,R_3frbxM95AWz5KTH, 1,1.0
R_sLipsVVBMP9TJsd; 1,R_sLipsVVBMP9TJsd, 1,1.0
R_5mWbRZkEYJSktc5; 0,R_5mWbRZkEYJSktc5, 0,0.0
R_2qyilNWfAkSYyWD; 0,R_2qyilNWfAkSYyWD, 0,0.0
R_1mFt7gyiSDynZ9u; 0,R_1mFt7gyiSDynZ9u, 0,0.0
R_a4WJe2CrYtq31xn; 1,R_a4WJe2CrYtq31xn, 1,1.0
R_2CwuDmcPRnCDpEU; 1,R_2CwuDmcPRnCDpEU, 1,1.0
R_3lKeXzxEEq4sHcc; 1,R_3lKeXzxEEq4sHcc, 1,1.0
R_1gBAWyfvcKH7yUB; 1,R_1gBAWyfvcKH7yUB, 1,1.0
R_27myucNJciRG4Sh; 1,R_27myucNJciRG4Sh, 1,1.0
R_2DZFwnOOHvigBlC; 1,R_2DZFwnOOHvigBlC, 1,1.0
R_2377vea5QtbKTlF; 1,R_2377vea5QtbKTlF, 1,1.0
R_qQ4d4Q7UqyKcOFb; 1,R_qQ4d4Q7UqyKcOFb, 1,1.0
R_bddRE6pDUKLoQfv; 1,R_bddRE6pDUKLoQfv, 1,1.0
R_2Sjby6eufzrQ3UQ; 1,R_2Sjby6eufzrQ3UQ, 1,1.0
"R_1P0nUVOKSASDeLa; The personal hate speech definition provided does not explicitly mention misinformation as a content feature, but it does imply that the speaker lacks correct information and knowledge. Therefore, it indirectly presents misinformation as a content feature of hate speech. Accordingly, I would return 1.",R_1P0nUVOKSASDeLa," The personal hate speech definition provided does not explicitly mention misinformation as a content feature, but it does imply that the speaker lacks correct information and knowledge. Therefore, it indirectly presents misinformation as a content feature of hate speech. Accordingly, I would return 1.",1.0
R_3lLyKHGAWfnG8Cf; 1,R_3lLyKHGAWfnG8Cf, 1,1.0
R_2fwCoh2ALUsZO0S; 1,R_2fwCoh2ALUsZO0S, 1,1.0
R_3Mg8MmeFaUjviB7; 0,R_3Mg8MmeFaUjviB7, 0,0.0
R_1OGYjMzKXGDkyrj; 1,R_1OGYjMzKXGDkyrj, 1,1.0
R_sgUSMtfg8qDiRoZ; 1,R_sgUSMtfg8qDiRoZ, 1,1.0
R_3t0SfBAmuAWIUyB; 0,R_3t0SfBAmuAWIUyB, 0,0.0
R_3e2PFTn8Y0lkXER; 1,R_3e2PFTn8Y0lkXER, 1,1.0
R_1DXNR8mSd80Lsgz; 1,R_1DXNR8mSd80Lsgz, 1,1.0
R_3R8AwquceZgwPfQ; 1,R_3R8AwquceZgwPfQ, 1,1.0
R_1Q4MX4xg7uLyxrI; 1,R_1Q4MX4xg7uLyxrI, 1,1.0
R_2yaopnb6h3YlWKz; 1,R_2yaopnb6h3YlWKz, 1,1.0
R_DH3lB3kN5EhXJMR; 1,R_DH3lB3kN5EhXJMR, 1,1.0
R_VPBMLL4fp2m5Xod; 1,R_VPBMLL4fp2m5Xod, 1,1.0
R_3GdJDoWbqkfsuJo; 1,R_3GdJDoWbqkfsuJo, 1,1.0
R_2aaXNtjRXfqs5j6; 1,R_2aaXNtjRXfqs5j6, 1,1.0
R_3khsU3VKfrH1SP6; 1,R_3khsU3VKfrH1SP6, 1,1.0
R_1M5pjmzr3VrcGwO; 1,R_1M5pjmzr3VrcGwO, 1,1.0
R_2dhf1gPFpELPGWt; 0,R_2dhf1gPFpELPGWt, 0,0.0
R_2aCPoV7q7JcMkUx; 1,R_2aCPoV7q7JcMkUx, 1,1.0
R_3EupqYHFOUMHHDY; 1,R_3EupqYHFOUMHHDY, 1,1.0
R_BXRSrzSxLhQbiG5; 1,R_BXRSrzSxLhQbiG5, 1,1.0
R_2aDEkffhlKANTD8; 1,R_2aDEkffhlKANTD8, 1,1.0
R_3GfhqPoPZkYonWI; 1,R_3GfhqPoPZkYonWI, 1,1.0
R_Uax4hPU51xlxzBn; 0,R_Uax4hPU51xlxzBn, 0,0.0
R_1QxAL5EWitxIXJM; 1,R_1QxAL5EWitxIXJM, 1,1.0
R_XBsZ2hzQr0RA5mF; 0,R_XBsZ2hzQr0RA5mF, 0,0.0
R_2qeNovZVU48dgxY; 1,R_2qeNovZVU48dgxY, 1,1.0
R_31XbDVADBZ6e9wG; 1,R_31XbDVADBZ6e9wG, 1,1.0
R_3dM4ys5fd58ZC2J; 1,R_3dM4ys5fd58ZC2J, 1,1.0
R_12feesiUNJAQaf0; 1,R_12feesiUNJAQaf0, 1,1.0
R_BErfFglg1IFtzeF; 1,R_BErfFglg1IFtzeF, 1,1.0
R_124PBaLKU54oWtY; 1,R_124PBaLKU54oWtY, 1,1.0
R_2Tzv2nkw3hYwC5u; 1,R_2Tzv2nkw3hYwC5u, 1,1.0
R_2uKxrHGUazwODlH; 1,R_2uKxrHGUazwODlH, 1,1.0
R_2fAHJ3OHqKhEpEf; 1,R_2fAHJ3OHqKhEpEf, 1,1.0
R_1XP80LpIUHxitAR; 1,R_1XP80LpIUHxitAR, 1,1.0
R_26bBypb7PaLsdRS; 1,R_26bBypb7PaLsdRS, 1,1.0
R_1KqGDAs2dgeGiY7; 1,R_1KqGDAs2dgeGiY7, 1,1.0
R_1LM32saBPpnUjw5; 1,R_1LM32saBPpnUjw5, 1,1.0
"R_OdiDsybblFQyDkZ; I understand that you want to determine if the given personal hate speech definition includes misinformation as a content feature. Based on the provided definition, it does not specifically mention any instance of misinformation such as lies, stereotypes, false accusations, or generalizations. Therefore, I will return 0 as the output.",R_OdiDsybblFQyDkZ," I understand that you want to determine if the given personal hate speech definition includes misinformation as a content feature. Based on the provided definition, it does not specifically mention any instance of misinformation such as lies, stereotypes, false accusations, or generalizations. Therefore, I will return 0 as the output.",0.0
R_3nvJOa0ChMbefZs; 1,R_3nvJOa0ChMbefZs, 1,1.0
R_WD7Rmi7hmrMZAxX; 1,R_WD7Rmi7hmrMZAxX, 1,1.0
R_6id8a9uDq7Gyajf; 1,R_6id8a9uDq7Gyajf, 1,1.0
R_6mzwDQn27knushP; 0,R_6mzwDQn27knushP, 0,0.0
R_2qxdkKKmSBCn6VZ; 1,R_2qxdkKKmSBCn6VZ, 1,1.0
R_2xQa23IQ0RvnSk8; 1,R_2xQa23IQ0RvnSk8, 1,1.0
R_R3NTxAY8ppZyTrX; 1,R_R3NTxAY8ppZyTrX, 1,1.0
R_RCwVKn844gdNlwB; 1,R_RCwVKn844gdNlwB, 1,1.0
R_2YfVZQW18Ohvzyj; 0,R_2YfVZQW18Ohvzyj, 0,0.0
R_1o5U7x1l20v4Bnw; 0,R_1o5U7x1l20v4Bnw, 0,0.0
R_QfA35sDABBiTWvf; 1,R_QfA35sDABBiTWvf, 1,1.0
R_1N7ZS8cggvuibOA; 0,R_1N7ZS8cggvuibOA, 0,0.0
R_sHkjTjf2CZGcS6l; 1,R_sHkjTjf2CZGcS6l, 1,1.0
R_3dP0Ocbu7BEWcmJ; 0,R_3dP0Ocbu7BEWcmJ, 0,0.0
R_2dL6uImUuRYGdBV; 1,R_2dL6uImUuRYGdBV, 1,1.0
R_2fpKgds2wB1UbKe; 1,R_2fpKgds2wB1UbKe, 1,1.0
R_1g09zU3SUtg2e1H; 1,R_1g09zU3SUtg2e1H, 1,1.0
R_ZvIQpgoeoVI0F9f; 1,R_ZvIQpgoeoVI0F9f, 1,1.0
R_2RVwMv1cO1e8vDI; 0,R_2RVwMv1cO1e8vDI, 0,0.0
R_WCEidk0IMOLxhiV; 1,R_WCEidk0IMOLxhiV, 1,1.0
R_2CfAAv6jjH2Q0VT; 1,R_2CfAAv6jjH2Q0VT, 1,1.0
R_27Vys4zm7a9nonz; 1,R_27Vys4zm7a9nonz, 1,1.0
R_1GNfmq2atp3xG8h; 1,R_1GNfmq2atp3xG8h, 1,1.0
R_UsjgScFGCd6zGnv; 1,R_UsjgScFGCd6zGnv, 1,1.0
R_1LIFkYWwAajWqj1; 1,R_1LIFkYWwAajWqj1, 1,1.0
R_1MRSpUXP1jWrZC4; 1,R_1MRSpUXP1jWrZC4, 1,1.0
R_3qVZSYzzynk8VEg; 1,R_3qVZSYzzynk8VEg, 1,1.0
R_2pMHObPmLCgK92V; 1,R_2pMHObPmLCgK92V, 1,1.0
R_4YGGX9tgEunCk6Z; 1,R_4YGGX9tgEunCk6Z, 1,1.0
R_1rwbyq04W2ghgot; 1,R_1rwbyq04W2ghgot, 1,1.0
R_2418QysKM0ujAcc; 1,R_2418QysKM0ujAcc, 1,1.0
R_33l4UukwYFJLjDV; 1,R_33l4UukwYFJLjDV, 1,1.0
R_1OUKdwElJ4a3sVc; 1,R_1OUKdwElJ4a3sVc, 1,1.0
R_1C7soRawWzEdFEa; 1,R_1C7soRawWzEdFEa, 1,1.0
R_2ah2mDwRNtayDkQ; 0,R_2ah2mDwRNtayDkQ, 0,0.0
R_2uBNKx6NbI0wLet; 1,R_2uBNKx6NbI0wLet, 1,1.0
R_3k7YwOWp0YRVcna; 1,R_3k7YwOWp0YRVcna, 1,1.0
R_3fd5Off47pIDEkA; 1,R_3fd5Off47pIDEkA, 1,1.0
R_3kh1iRqUR9FBfXF; 1,R_3kh1iRqUR9FBfXF, 1,1.0
R_bOCAt4LCfl5rfYB; 0,R_bOCAt4LCfl5rfYB, 0,0.0
R_2eW0i9qoFqM6uDX; 1,R_2eW0i9qoFqM6uDX, 1,1.0
R_1mD7Pd8AJW7SN0T; 1,R_1mD7Pd8AJW7SN0T, 1,1.0
R_31QnVNuBYVCGKYR; 1,R_31QnVNuBYVCGKYR, 1,1.0
R_3sbtKgw2rLIR99U; 1,R_3sbtKgw2rLIR99U, 1,1.0
R_8uhu8BtOD5NTdQZ; 1,R_8uhu8BtOD5NTdQZ, 1,1.0
R_2EB3syL1MQeQo8Q; 1,R_2EB3syL1MQeQo8Q, 1,1.0
R_AB818kLPfsctW8h; 1,R_AB818kLPfsctW8h, 1,1.0
R_1PbYMzkTUiNmaeb; 0,R_1PbYMzkTUiNmaeb, 0,0.0
R_3KIPD6bjgaGq9rD; 1,R_3KIPD6bjgaGq9rD, 1,1.0
R_1IQmVlJyF5y5FCi; 1,R_1IQmVlJyF5y5FCi, 1,1.0
R_1PUJmIiuJ8oJuEq; 1,R_1PUJmIiuJ8oJuEq, 1,1.0
R_24p9TBd2kXpjcWx; 1,R_24p9TBd2kXpjcWx, 1,1.0
R_3houMJPen7JSdyP; 0,R_3houMJPen7JSdyP, 0,0.0
R_cDdxmgiclVWX6Hn; 1,R_cDdxmgiclVWX6Hn, 1,1.0
R_22mgbEqB7y4zpTE; 1,R_22mgbEqB7y4zpTE, 1,1.0
R_3sv22k7EEYSfLON; 1,R_3sv22k7EEYSfLON, 1,1.0
R_3dW9rYvqQ96kqjp; 1,R_3dW9rYvqQ96kqjp, 1,1.0
R_5jA5duW8HFcqIdr; 0,R_5jA5duW8HFcqIdr, 0,0.0
R_1QzsMPAGnhprB3C; 1,R_1QzsMPAGnhprB3C, 1,1.0
R_1oHKrqAWiHLSJBt; 0,R_1oHKrqAWiHLSJBt, 0,0.0
R_2PgPUOA4JdlGNsI; 0,R_2PgPUOA4JdlGNsI, 0,0.0
R_1mgwQqiEtUOiAog; 0,R_1mgwQqiEtUOiAog, 0,0.0
"R_3Mm2N1XU9UmLD4V; I cannot determine whether the given text specifically states misinformation as a content feature of hate speech because ""Mjdbdkbd"" does not convey any meaningful information. Therefore, I cannot provide a definitive answer based on the given text.",R_3Mm2N1XU9UmLD4V," I cannot determine whether the given text specifically states misinformation as a content feature of hate speech because ""Mjdbdkbd"" does not convey any meaningful information. Therefore, I cannot provide a definitive answer based on the given text.",
R_2QEezETOldfKdXt; 1,R_2QEezETOldfKdXt, 1,1.0
R_24vn0voB6o5j7Vy; 1,R_24vn0voB6o5j7Vy, 1,1.0
R_XvrfzdthFzj60FP; 1,R_XvrfzdthFzj60FP, 1,1.0
R_2QlkkEB7pW58Hhf; 1,R_2QlkkEB7pW58Hhf, 1,1.0
R_wYTGgYLsgCvd9U5; 1,R_wYTGgYLsgCvd9U5, 1,1.0
R_1kH7So4cbGbJtpD; 1,R_1kH7So4cbGbJtpD, 1,1.0
R_33wi3lt1XN1dGxI; 0,R_33wi3lt1XN1dGxI, 0,0.0
R_8ubO8VfNiQEAjyp; 1,R_8ubO8VfNiQEAjyp, 1,1.0
R_dnHh8jpc3L2iymR; 1,R_dnHh8jpc3L2iymR, 1,1.0
R_12uqXrd50HQEnS2; 1,R_12uqXrd50HQEnS2, 1,1.0
R_0oEaAR9eWmvKJeF; 1,R_0oEaAR9eWmvKJeF, 1,1.0
R_3pbrQxzN2ghGnwG; 1,R_3pbrQxzN2ghGnwG, 1,1.0
R_2YGriHp3qAN3NI1; 1,R_2YGriHp3qAN3NI1, 1,1.0
R_3339ZDbt4l60Po0; 1,R_3339ZDbt4l60Po0, 1,1.0
R_2eW1I33nwgkM6rQ; 1,R_2eW1I33nwgkM6rQ, 1,1.0
"R_3OrgdSQtlWPf5eR; I'm sorry, but I cannot provide a numerical response as the provided definition of hate speech is missing. However, if you provide the personal definition of hate speech or any specific examples of content that you have in mind, I can help determine if it includes misinformation as a feature.",R_3OrgdSQtlWPf5eR," I'm sorry, but I cannot provide a numerical response as the provided definition of hate speech is missing. However, if you provide the personal definition of hate speech or any specific examples of content that you have in mind, I can help determine if it includes misinformation as a feature.",
R_1oBh8LuMd7sIKf4; 1,R_1oBh8LuMd7sIKf4, 1,1.0
R_2UiajnuvqPo1GdE; 1,R_2UiajnuvqPo1GdE, 1,1.0
R_1eKmLdoiRKdKHEB; 1,R_1eKmLdoiRKdKHEB, 1,1.0
R_1gqJNJj1j5YvEUj; 1,R_1gqJNJj1j5YvEUj, 1,1.0
R_263d6KkPon5Dvy1; 1,R_263d6KkPon5Dvy1, 1,1.0
R_SMB6wgcQdWv7ExH; 1,R_SMB6wgcQdWv7ExH, 1,1.0
R_2pRa6nYJ8L3wB7x; 0,R_2pRa6nYJ8L3wB7x, 0,0.0
R_3g0lubJZ1P2AFMn; 1,R_3g0lubJZ1P2AFMn, 1,1.0
R_3njA2y9USwVPcHB; 1,R_3njA2y9USwVPcHB, 1,1.0
R_24Oh5NcRVPrEhHB; 1,R_24Oh5NcRVPrEhHB, 1,1.0
R_3CBfJFO0iFry5he; 1,R_3CBfJFO0iFry5he, 1,1.0
R_D61UvePxdJNKA4V; 1,R_D61UvePxdJNKA4V, 1,1.0
"R_31peJTCHQ8fYbna; Since the provided content does not make sense and does not clearly express any specific form of hate speech, it is not possible to determine if misinformation is a content feature of hate speech based on this definition. Therefore, I will return 0.",R_31peJTCHQ8fYbna," Since the provided content does not make sense and does not clearly express any specific form of hate speech, it is not possible to determine if misinformation is a content feature of hate speech based on this definition. Therefore, I will return 0.",0.0
R_T7Y4ToLsGIUGxfH; 1,R_T7Y4ToLsGIUGxfH, 1,1.0
R_3oHIQNurPbRXwFD; 1,R_3oHIQNurPbRXwFD, 1,1.0
R_2y8TXQ1JGv2rrDi; 1,R_2y8TXQ1JGv2rrDi, 1,1.0
R_3oBbQvcSp5jYSJm; 0,R_3oBbQvcSp5jYSJm, 0,0.0
R_UAvF4Uwc26YPmpP; 1,R_UAvF4Uwc26YPmpP, 1,1.0
R_1ff3kF43FM3AhbD; 1,R_1ff3kF43FM3AhbD, 1,1.0
R_ABByT5KYr3P0jzH; 0,R_ABByT5KYr3P0jzH, 0,0.0
R_6rgVR1zTcBMw3aF; 1,R_6rgVR1zTcBMw3aF, 1,1.0
R_2zFNnaJMRBBRzMT; 1,R_2zFNnaJMRBBRzMT, 1,1.0
R_3KwpSOkjCN5xsF4; 1,R_3KwpSOkjCN5xsF4, 1,1.0
R_1djo4b9jo1sNpqN; 1,R_1djo4b9jo1sNpqN, 1,1.0
R_O6H8SiL35GPRlO9; 1,R_O6H8SiL35GPRlO9, 1,1.0
R_1N4ky7xOAeXWr7q; 1,R_1N4ky7xOAeXWr7q, 1,1.0
R_5c0kyseICzIJZ0l; 1,R_5c0kyseICzIJZ0l, 1,1.0
R_21dHhURhGZwWLPd; 1,R_21dHhURhGZwWLPd, 1,1.0
R_2R2jjF0zQxZwjWH; 1,R_2R2jjF0zQxZwjWH, 1,1.0
R_2q2enU90iMwmqHO; 1,R_2q2enU90iMwmqHO, 1,1.0
R_1Qg4FxH0zlxrv6N; 1,R_1Qg4FxH0zlxrv6N, 1,1.0
R_1CpCNox0O8p9ZNx; 1,R_1CpCNox0O8p9ZNx, 1,1.0
R_27k8jHnG0lzJkNb; 0,R_27k8jHnG0lzJkNb, 0,0.0
R_T6kIE5c1u16jpyV; 1,R_T6kIE5c1u16jpyV, 1,1.0
R_2Cqu1Ta00YRhWfa; 1,R_2Cqu1Ta00YRhWfa, 1,1.0
R_3qOw2VUQz9v2aq1; 1,R_3qOw2VUQz9v2aq1, 1,1.0
R_3CNUbLdtLPL4YFB; 1,R_3CNUbLdtLPL4YFB, 1,1.0
R_qFargRgIAIwlIkx; 1,R_qFargRgIAIwlIkx, 1,1.0
R_3sBOqeAkXwP69c8; 0,R_3sBOqeAkXwP69c8, 0,0.0
R_2P71FVpRZZ8F7Nv; 1,R_2P71FVpRZZ8F7Nv, 1,1.0
R_27eTzMaP7FbFb07; 1,R_27eTzMaP7FbFb07, 1,1.0
R_42TLq1k18IlCUiB; 1,R_42TLq1k18IlCUiB, 1,1.0
R_poYuzWlZ3kCL0IN; 1,R_poYuzWlZ3kCL0IN, 1,1.0
R_eni8dht274c8ryp; 1,R_eni8dht274c8ryp, 1,1.0
R_zVw28hPCubsJ9st; 1,R_zVw28hPCubsJ9st, 1,1.0
R_2fdqHrhtDFPBW8L; 1,R_2fdqHrhtDFPBW8L, 1,1.0
R_3isfiehOBwDJ3Gq; 1,R_3isfiehOBwDJ3Gq, 1,1.0
R_3PjogvK6yim5j1s; 1,R_3PjogvK6yim5j1s, 1,1.0
R_brBtYtvPsCRr54Z; 1,R_brBtYtvPsCRr54Z, 1,1.0
R_9LBYakob63Dfqz7; 1,R_9LBYakob63Dfqz7, 1,1.0
R_1kF9i2u6mpvDV8h; 1,R_1kF9i2u6mpvDV8h, 1,1.0
R_3iXcY55DB8tEnNW; 1,R_3iXcY55DB8tEnNW, 1,1.0
R_3kgI3OUhwXaEkoA; 1,R_3kgI3OUhwXaEkoA, 1,1.0
R_BG5eg7kQLxomGid; 0,R_BG5eg7kQLxomGid, 0,0.0
R_1LRnKwXacVw2NFg; 1,R_1LRnKwXacVw2NFg, 1,1.0
R_PMAmGZHJRYpCxdT; 1,R_PMAmGZHJRYpCxdT, 1,1.0
R_33s75utYtSHBp2K; 1,R_33s75utYtSHBp2K, 1,1.0
R_1HkileBmkURcI9U; 1,R_1HkileBmkURcI9U, 1,1.0
R_3Myuw5ypZhJKtKQ; 1,R_3Myuw5ypZhJKtKQ, 1,1.0
R_3esoJPQxK48mFXT; 0,R_3esoJPQxK48mFXT, 0,0.0
R_Drhm12eD5UnaBW1; 1,R_Drhm12eD5UnaBW1, 1,1.0
R_2zu5mm2nl6dXgpT; 0,R_2zu5mm2nl6dXgpT, 0,0.0
R_8cdSPdNxWn2e02R; 1,R_8cdSPdNxWn2e02R, 1,1.0
R_3gRhexoWDlSdRdF; 1,R_3gRhexoWDlSdRdF, 1,1.0
R_2fv8D4Mc2zoWuaE; 0,R_2fv8D4Mc2zoWuaE, 0,0.0
R_VIrbS5agSArZdap; 1,R_VIrbS5agSArZdap, 1,1.0
R_246RTfbLkUllo06; 1,R_246RTfbLkUllo06, 1,1.0
R_WATQ1f9BVy64kXD; 1,R_WATQ1f9BVy64kXD, 1,1.0
R_3qIFdhdU3wSGJfG; 1,R_3qIFdhdU3wSGJfG, 1,1.0
R_3Ia7EnNciWItPuM; 1,R_3Ia7EnNciWItPuM, 1,1.0
R_2Tznun2tIAkexqn; 1,R_2Tznun2tIAkexqn, 1,1.0
R_1r0U6TuH0GR0kAI; 0,R_1r0U6TuH0GR0kAI, 0,0.0
R_12asrv1GgpOjOqm; 1,R_12asrv1GgpOjOqm, 1,1.0
R_3CEsCMwjfYUKNXv; 1,R_3CEsCMwjfYUKNXv, 1,1.0
R_3EnbIW9O039kbTW; 1,R_3EnbIW9O039kbTW, 1,1.0
R_2q2RVdg2jFrPaCI; 1,R_2q2RVdg2jFrPaCI, 1,1.0
R_111MrbOIKYbDOfn; 0,R_111MrbOIKYbDOfn, 0,0.0
R_1lsLqvDJeOcNEmC; 0,R_1lsLqvDJeOcNEmC, 0,0.0
R_3mJ0bTITCluTNpD; 0,R_3mJ0bTITCluTNpD, 0,0.0
R_5AUD9LuGpkodYQx; 1,R_5AUD9LuGpkodYQx, 1,1.0
R_2s0U7X6Z84TuTiJ; 1,R_2s0U7X6Z84TuTiJ, 1,1.0
R_Rbq1ddw4QVpO0Uh; 1,R_Rbq1ddw4QVpO0Uh, 1,1.0
R_tGJVCj4bsdD2YSZ; 1,R_tGJVCj4bsdD2YSZ, 1,1.0
R_2s6FD8IP7mlR7pr; 1,R_2s6FD8IP7mlR7pr, 1,1.0
R_1qUlj4fmVJi6Xmt; 1,R_1qUlj4fmVJi6Xmt, 1,1.0
R_3KN4tNnRG37Srbb; 1,R_3KN4tNnRG37Srbb, 1,1.0
R_1JVEWdIA8maJSls; 0,R_1JVEWdIA8maJSls, 0,0.0
R_1CgrdPyutGib3Cz; 1,R_1CgrdPyutGib3Cz, 1,1.0
R_3hhIr9FTnpF6Ya5; 1,R_3hhIr9FTnpF6Ya5, 1,1.0
R_5v6dn6Vx1UsA24x; 1,R_5v6dn6Vx1UsA24x, 1,1.0
R_3EmO1Aji2MDTQAR; 1,R_3EmO1Aji2MDTQAR, 1,1.0
R_9FSsjrX0PwU9Uf7; 1,R_9FSsjrX0PwU9Uf7, 1,1.0
"R_1ot2dRz0Jq482AR; The given definition does not explicitly mention misinformation as a content feature of hate speech. Therefore, it does not present misinformation as a content feature of hate speech. I will return 0.",R_1ot2dRz0Jq482AR," The given definition does not explicitly mention misinformation as a content feature of hate speech. Therefore, it does not present misinformation as a content feature of hate speech. I will return 0.",0.0
R_2dpglJ6tatkNLM1; 1,R_2dpglJ6tatkNLM1, 1,1.0
R_1F3uDK0t9I0dbW6; 1,R_1F3uDK0t9I0dbW6, 1,1.0
R_1DUcb6j0rBKM3cP; 1,R_1DUcb6j0rBKM3cP, 1,1.0
R_6KUzdBscRoMNdLP; 1,R_6KUzdBscRoMNdLP, 1,1.0
R_11YrN1srlZLmOiq; 1,R_11YrN1srlZLmOiq, 1,1.0
R_2P5W7feWD8FkUvO; 1,R_2P5W7feWD8FkUvO, 1,1.0
R_qwQQGeQTiGhEWcx; 1,R_qwQQGeQTiGhEWcx, 1,1.0
R_2cdXERSlioYX8Eo; 1,R_2cdXERSlioYX8Eo, 1,1.0
R_3IQ2DnISrAqVPZO; 1,R_3IQ2DnISrAqVPZO, 1,1.0
R_3dWSUEP9Py1cxGx; 1,R_3dWSUEP9Py1cxGx, 1,1.0
R_sFQtjZZn9BvXkch; 0,R_sFQtjZZn9BvXkch, 0,0.0
R_eqEmjuoSvTKFrDH; 1,R_eqEmjuoSvTKFrDH, 1,1.0
R_1IQtgu7T279WoGX; 1,R_1IQtgu7T279WoGX, 1,1.0
R_216qDMfkHwNhCQ1; 1,R_216qDMfkHwNhCQ1, 1,1.0
"R_3KPGvYFEwru7A5W; The definition presented does not explicitly mention misinformation as a characteristic of hate speech. Therefore, the answer is 0.",R_3KPGvYFEwru7A5W," The definition presented does not explicitly mention misinformation as a characteristic of hate speech. Therefore, the answer is 0.",0.0
R_PNUNrm4rMfzMb8l; 1,R_PNUNrm4rMfzMb8l, 1,1.0
R_1DMQHFKkf5W2vE9; 1,R_1DMQHFKkf5W2vE9, 1,1.0
R_2dHoj5PEJajG7We; 1,R_2dHoj5PEJajG7We, 1,1.0
R_3hovxy8AjazOp6C; 1,R_3hovxy8AjazOp6C, 1,1.0
R_2fBdxxp2j59LaPu; 1,R_2fBdxxp2j59LaPu, 1,1.0
R_3O86FQvQpY9caxd; 1,R_3O86FQvQpY9caxd, 1,1.0
R_3rutqR2I1iLpiFz; 1,R_3rutqR2I1iLpiFz, 1,1.0
R_2VgA0SuK03g2hds; 0,R_2VgA0SuK03g2hds, 0,0.0
R_cAv9z5kGmtAwZ5T; 1,R_cAv9z5kGmtAwZ5T, 1,1.0
R_21GtPpJoqcFx5bz; 1,R_21GtPpJoqcFx5bz, 1,1.0
R_3E9Ze55Z4dHt5Tc; 1,R_3E9Ze55Z4dHt5Tc, 1,1.0
R_6F0TmaiCGzVv9zH; 1,R_6F0TmaiCGzVv9zH, 1,1.0
R_d6BT6lQaGVGqqc1; 1,R_d6BT6lQaGVGqqc1, 1,1.0
R_2Wv8Z9FYGZuXqPG; 1,R_2Wv8Z9FYGZuXqPG, 1,1.0
R_5dsYSyZgmbBFRPH; 1,R_5dsYSyZgmbBFRPH, 1,1.0
R_2xRh9TFJ6yvuAS5; 1,R_2xRh9TFJ6yvuAS5, 1,1.0
R_2b3kX6WRdGKxeiO; 1,R_2b3kX6WRdGKxeiO, 1,1.0
R_2f7i0L70lGNg3y0; 1,R_2f7i0L70lGNg3y0, 1,1.0
R_R31AiLTZVFZ25Bn; 1,R_R31AiLTZVFZ25Bn, 1,1.0
R_3EX1RghPUNp2D0u; 1,R_3EX1RghPUNp2D0u, 1,1.0
R_1pKjhyXZhEexFIS; 1,R_1pKjhyXZhEexFIS, 1,1.0
R_2XghK4slDi0PJFW; 1,R_2XghK4slDi0PJFW, 1,1.0
R_2RPRJSlbicQeB8F; 1,R_2RPRJSlbicQeB8F, 1,1.0
R_3fK9yvV24aLKVlH; 0,R_3fK9yvV24aLKVlH, 0,0.0
R_szgVijKPlLianeh; 1,R_szgVijKPlLianeh, 1,1.0
R_2Y67ZHsKFQF1ykI; 1,R_2Y67ZHsKFQF1ykI, 1,1.0
R_1E71aJvu9Uo2eRm; 1,R_1E71aJvu9Uo2eRm, 1,1.0
R_1N85Cct5Qj3zSvx; 1,R_1N85Cct5Qj3zSvx, 1,1.0
R_2Sq4RbCsztfWjUM; 1,R_2Sq4RbCsztfWjUM, 1,1.0
R_3RmdmLgVMAGgO6S; 0,R_3RmdmLgVMAGgO6S, 0,0.0
R_Ut4Kz5eXaopNHbz; 1,R_Ut4Kz5eXaopNHbz, 1,1.0
R_1l0PIlQv1I2nJck; 1,R_1l0PIlQv1I2nJck, 1,1.0
R_3gRvWYy8RtgAZRa; 1,R_3gRvWYy8RtgAZRa, 1,1.0
R_STNPWehaOPqLJap; 1,R_STNPWehaOPqLJap, 1,1.0
R_BK63RKT6uuYFp3H; 1,R_BK63RKT6uuYFp3H, 1,1.0
R_1HbqtE4Foy9YaWj; 0,R_1HbqtE4Foy9YaWj, 0,0.0
R_3hsRtcFOmgdJ5QI; 1,R_3hsRtcFOmgdJ5QI, 1,1.0
R_3MiJRusmpDanAA6; 1,R_3MiJRusmpDanAA6, 1,1.0
R_1lmJgHtKQZa0rrg; 1,R_1lmJgHtKQZa0rrg, 1,1.0
R_3oZ2nt96rHj7mc2; 1,R_3oZ2nt96rHj7mc2, 1,1.0
R_3GkQ1xdd90qoh8B; 0,R_3GkQ1xdd90qoh8B, 0,0.0
R_3niSggvWDiMecbj; 1,R_3niSggvWDiMecbj, 1,1.0
R_30wxLi0TlDUd3kx; 1,R_30wxLi0TlDUd3kx, 1,1.0
R_3Ic0hney0wuIAcT; 1,R_3Ic0hney0wuIAcT, 1,1.0
R_1QbghuTQIKxPmnh; 1,R_1QbghuTQIKxPmnh, 1,1.0
R_Z9Rx8fE1QgYHERz; 1,R_Z9Rx8fE1QgYHERz, 1,1.0
R_3KAqAW1qFilt8w4; 1,R_3KAqAW1qFilt8w4, 1,1.0
R_2QYzLKvFTdttR3S; 1,R_2QYzLKvFTdttR3S, 1,1.0
R_3kIlZjA315z2dix; 1,R_3kIlZjA315z2dix, 1,1.0
R_1jJHk3SI1iJrf3b; 1,R_1jJHk3SI1iJrf3b, 1,1.0
R_3NEATmtAJdhH2T5; 1,R_3NEATmtAJdhH2T5, 1,1.0
R_cFRccyjM6gUATnP; 1,R_cFRccyjM6gUATnP, 1,1.0
R_3Kw2nkrMsTWKm6f; 1,R_3Kw2nkrMsTWKm6f, 1,1.0
R_1l6LumZRdUZl7Rf; 0,R_1l6LumZRdUZl7Rf, 0,0.0
R_AvuyuhA6117JyV3; 0,R_AvuyuhA6117JyV3, 0,0.0
R_2fxKKR8ikDkZc9I; 1,R_2fxKKR8ikDkZc9I, 1,1.0
R_2UWag5ajbgHct2u; 1,R_2UWag5ajbgHct2u, 1,1.0
R_2XpntZFrjgwnyFc; 1,R_2XpntZFrjgwnyFc, 1,1.0
R_WvqwW3RWXJ0xxN7; 1,R_WvqwW3RWXJ0xxN7, 1,1.0
R_eY68zC1ci7TdW3T; 1,R_eY68zC1ci7TdW3T, 1,1.0
R_1rfAyw2WPEzAws6; 1,R_1rfAyw2WPEzAws6, 1,1.0
R_26fhIRMnniVORqQ; 0,R_26fhIRMnniVORqQ, 0,0.0
R_3FKXHkxdPoPwPMl; 1,R_3FKXHkxdPoPwPMl, 1,1.0
R_3ixmZowuHd1ERsD; 1,R_3ixmZowuHd1ERsD, 1,1.0
R_2zT6Qt74FUpcKJc; 1,R_2zT6Qt74FUpcKJc, 1,1.0
R_1eE3iAYEBrxcmAb; 1,R_1eE3iAYEBrxcmAb, 1,1.0
R_3QXUPKFXObt09ba; 1,R_3QXUPKFXObt09ba, 1,1.0
R_3J9LllmrEC4wOgZ; 0,R_3J9LllmrEC4wOgZ, 0,0.0
R_vk127RBHPhAlPsR; 1,R_vk127RBHPhAlPsR, 1,1.0
R_27Qn5mvZxpPMXmU; 1,R_27Qn5mvZxpPMXmU, 1,1.0
R_2EbjuRpfOO3tlcB; 0,R_2EbjuRpfOO3tlcB, 0,0.0
R_1ovj5qcpGGfzgWd; 1,R_1ovj5qcpGGfzgWd, 1,1.0
R_21ciOHTHQ4cXJZ7; 1,R_21ciOHTHQ4cXJZ7, 1,1.0
R_2S2I1rwcR6ZmgEv; 1,R_2S2I1rwcR6ZmgEv, 1,1.0
R_2TpGq4YznxH90B8; 1,R_2TpGq4YznxH90B8, 1,1.0
R_2dRrFdQmk7mngAB; 1,R_2dRrFdQmk7mngAB, 1,1.0
R_BqRurmIr6QvzfwJ; 0,R_BqRurmIr6QvzfwJ, 0,0.0
"R_50FzbCeSYWEumk1; The personal definition does not explicitly mention misinformation as a content feature of hate speech. Therefore, the answer is 0.",R_50FzbCeSYWEumk1," The personal definition does not explicitly mention misinformation as a content feature of hate speech. Therefore, the answer is 0.",0.0
R_3OViFzBh8h7UNvH; 1,R_3OViFzBh8h7UNvH, 1,1.0
R_4MVFqb4rAqbovjX; 1,R_4MVFqb4rAqbovjX, 1,1.0
R_10CPhRCM13W42i0; 1,R_10CPhRCM13W42i0, 1,1.0
R_2dRPeShPFCCcYjg; 1,R_2dRPeShPFCCcYjg, 1,1.0
R_bEIjrN6wDBjliY9; 0,R_bEIjrN6wDBjliY9, 0,0.0
R_3JDU3O9irk0dD8y; 1,R_3JDU3O9irk0dD8y, 1,1.0
R_zT5bOiMcSYamYaR; 1,R_zT5bOiMcSYamYaR, 1,1.0
R_3q8WwRbRwBxipWp; 1,R_3q8WwRbRwBxipWp, 1,1.0
R_12aMEDYxy902Dqk; 1,R_12aMEDYxy902Dqk, 1,1.0
R_2bOU197qsS3QVua; 1,R_2bOU197qsS3QVua, 1,1.0
R_2wiDMm5xf2DEIVy; 1,R_2wiDMm5xf2DEIVy, 1,1.0
R_2fkgMhvLYlYepK8; 1,R_2fkgMhvLYlYepK8, 1,1.0
R_2QARfJT5Flgb3qM; 1,R_2QARfJT5Flgb3qM, 1,1.0
R_DIwLSXlnVSdotVL; 1,R_DIwLSXlnVSdotVL, 1,1.0
R_2rqMYyzoTuNcg29; 1,R_2rqMYyzoTuNcg29, 1,1.0
R_3j7r75wr6s1gkkR; 1,R_3j7r75wr6s1gkkR, 1,1.0
R_3DqlXJq20CueLPe; 1,R_3DqlXJq20CueLPe, 1,1.0
R_ZfMiXpeF3auZDEZ; 1,R_ZfMiXpeF3auZDEZ, 1,1.0
R_25uQ8rxgY3xM2lj; 0,R_25uQ8rxgY3xM2lj, 0,0.0
R_1luHPfURvzNV0AO; 1,R_1luHPfURvzNV0AO, 1,1.0
R_CelzAThPfT95RwB; 1,R_CelzAThPfT95RwB, 1,1.0
R_pis1fP5gW55HCkV; 0,R_pis1fP5gW55HCkV, 0,0.0
R_2bKxuU3BtLQequW; 1,R_2bKxuU3BtLQequW, 1,1.0
R_1rHwA9Tvn0uLYMA; 1,R_1rHwA9Tvn0uLYMA, 1,1.0
R_UtfJzI2EJrHee4N; 1,R_UtfJzI2EJrHee4N, 1,1.0
R_3EG6y6BJhoE8ovw; 1,R_3EG6y6BJhoE8ovw, 1,1.0
R_2TOhvPoPuX22OL2; 1,R_2TOhvPoPuX22OL2, 1,1.0
R_1liwrXWgPuCd0o8; 1,R_1liwrXWgPuCd0o8, 1,1.0
R_87c7XpSFDjb6TGp; 1,R_87c7XpSFDjb6TGp, 1,1.0
R_2v6zaUzmhZzls0E; 1,R_2v6zaUzmhZzls0E, 1,1.0
R_2tscr71oi2TaZwz; 1,R_2tscr71oi2TaZwz, 1,1.0
R_3QPD3ZVZlhSvnfc; 0,R_3QPD3ZVZlhSvnfc, 0,0.0
R_25GCXaGCeJ3gITl; 1,R_25GCXaGCeJ3gITl, 1,1.0
R_1rewNWBHx4O3YiD; 1,R_1rewNWBHx4O3YiD, 1,1.0
R_3oL6GTPDUJD3Z7I; 1,R_3oL6GTPDUJD3Z7I, 1,1.0
R_3L8EjCTN47RIUgN; 1,R_3L8EjCTN47RIUgN, 1,1.0
R_xctgPeAZqrloVuF; 1,R_xctgPeAZqrloVuF, 1,1.0
R_2rUsWRRuDLxG34U; 1,R_2rUsWRRuDLxG34U, 1,1.0
R_2tEWGMGqHj5LoU3; 1,R_2tEWGMGqHj5LoU3, 1,1.0
R_12Fr8mElBk6NywS; 1,R_12Fr8mElBk6NywS, 1,1.0
R_2Xpah0870SxchY4; 1,R_2Xpah0870SxchY4, 1,1.0
R_b1uu6d3EgKAMx8d; 1,R_b1uu6d3EgKAMx8d, 1,1.0
R_3Rf23XE9VnVE79g; 0,R_3Rf23XE9VnVE79g, 0,0.0
R_OBwc0hRQY13z2Lv; 1,R_OBwc0hRQY13z2Lv, 1,1.0
R_3CU8H06KmUA3UOZ; 1,R_3CU8H06KmUA3UOZ, 1,1.0
R_2QMKBS95lpZNeLc; 0,R_2QMKBS95lpZNeLc, 0,0.0
R_1eVKtPChFs6D4Ef; 1,R_1eVKtPChFs6D4Ef, 1,1.0
R_32VgLfcG3deNtt7; 0,R_32VgLfcG3deNtt7, 0,0.0
R_3hoxOCqU1Z3ylBc; 1,R_3hoxOCqU1Z3ylBc, 1,1.0
R_bdzL4Wg1LSTLYBz; 1,R_bdzL4Wg1LSTLYBz, 1,1.0
R_12LkBZXC3Q8P69I; 1,R_12LkBZXC3Q8P69I, 1,1.0
R_3KZsINShhIIFxBq; 1,R_3KZsINShhIIFxBq, 1,1.0
R_3siCqs8k83qBzFp; 1,R_3siCqs8k83qBzFp, 1,1.0
R_2WMa8cKPTK6WHVN; 1,R_2WMa8cKPTK6WHVN, 1,1.0
R_8q3W4QKXT4Qbajn; 1,R_8q3W4QKXT4Qbajn, 1,1.0
R_2SGlCwxRV1yivry; 1,R_2SGlCwxRV1yivry, 1,1.0
R_ZeOt75K0MCBcZKV; 1,R_ZeOt75K0MCBcZKV, 1,1.0
R_2OOrANVPlnjKkqo; 1,R_2OOrANVPlnjKkqo, 1,1.0
R_1OwowJ7E0fcBLsJ; 1,R_1OwowJ7E0fcBLsJ, 1,1.0
R_24v0H2CmKGRp2Fa; 1,R_24v0H2CmKGRp2Fa, 1,1.0
R_3rVDxjbyLawN1Fw; 1,R_3rVDxjbyLawN1Fw, 1,1.0
"R_1k09z65J4CJ1RUX; The personal hate speech definition provided does not explicitly mention misinformation as a feature of hate speech. Therefore, I will return 0.",R_1k09z65J4CJ1RUX," The personal hate speech definition provided does not explicitly mention misinformation as a feature of hate speech. Therefore, I will return 0.",0.0
R_2bZwEJMerZP7uLw; 1,R_2bZwEJMerZP7uLw, 1,1.0
R_3iPcZk2kgUJhiFc; 1,R_3iPcZk2kgUJhiFc, 1,1.0
R_3m1TBHIEygf6wgf; 0,R_3m1TBHIEygf6wgf, 0,0.0
R_UloH8gk0L95HWJr; 0,R_UloH8gk0L95HWJr, 0,0.0
R_2z91DGehv7k4fij; 1,R_2z91DGehv7k4fij, 1,1.0
R_3es2pdTMsADcMwn; 1,R_3es2pdTMsADcMwn, 1,1.0
R_Rt6wldqcGyolOHT; 1,R_Rt6wldqcGyolOHT, 1,1.0
R_3XgXJybQHhdLtxn; 0,R_3XgXJybQHhdLtxn, 0,0.0
R_1f6LeSeU6TtaWjK; 1,R_1f6LeSeU6TtaWjK, 1,1.0
R_2tkVngx7LXSQ5A5; 1,R_2tkVngx7LXSQ5A5, 1,1.0
R_2roqMeXx4NZRTyU; 1,R_2roqMeXx4NZRTyU, 1,1.0
R_cBAhigzFgVqL0wV; 1,R_cBAhigzFgVqL0wV, 1,1.0
R_10pKnaAdAch9350; 1,R_10pKnaAdAch9350, 1,1.0
R_02FqhyWpRV6RIHf; 1,R_02FqhyWpRV6RIHf, 1,1.0
R_2uBOEcSynddyrN9; 1,R_2uBOEcSynddyrN9, 1,1.0
R_2ErSRjNJrOzB09T; 1,R_2ErSRjNJrOzB09T, 1,1.0
R_2v96MJpBsJC1XPB; 1,R_2v96MJpBsJC1XPB, 1,1.0
R_1CjNnEyBsjBxtDL; 1,R_1CjNnEyBsjBxtDL, 1,1.0
R_2w01bVrwSS7KHZG; 1,R_2w01bVrwSS7KHZG, 1,1.0
R_3ZSvn4rLdOvQ3Yt; 1,R_3ZSvn4rLdOvQ3Yt, 1,1.0
R_YS69AWIzCUpHFf3; 1,R_YS69AWIzCUpHFf3, 1,1.0
R_b8CKlSHpdPJ5Jw5; 1,R_b8CKlSHpdPJ5Jw5, 1,1.0
R_vcsx5fUYBDj7IHf; 1,R_vcsx5fUYBDj7IHf, 1,1.0
R_2wmYcSPyj9BoZ4n; 1,R_2wmYcSPyj9BoZ4n, 1,1.0
R_qRbFbaxZBFD6cCZ; 0,R_qRbFbaxZBFD6cCZ, 0,0.0
R_aaDMh2PiJdvAbbX; 1,R_aaDMh2PiJdvAbbX, 1,1.0
R_xxTl8bW2kn8ekkF; 1,R_xxTl8bW2kn8ekkF, 1,1.0
R_3iQr6nhiCGCYIMv; 1,R_3iQr6nhiCGCYIMv, 1,1.0
R_27edNrba3KA2F5c; 1,R_27edNrba3KA2F5c, 1,1.0
R_297i0OyOvpbgcTY; 1,R_297i0OyOvpbgcTY, 1,1.0
R_12KcSHwSmQ8SPNw; 1,R_12KcSHwSmQ8SPNw, 1,1.0
R_tQYCNdGxcZLdBiF; 1,R_tQYCNdGxcZLdBiF, 1,1.0
R_cBmUPSfjiBGuIMx; 1,R_cBmUPSfjiBGuIMx, 1,1.0
R_2s0X3s7YNYYYnrc; 1,R_2s0X3s7YNYYYnrc, 1,1.0
"R_2BbpZv8oIx5gyIC; The personal hate speech definition provided does not specifically mention misinformation as a content feature of hate speech. Therefore, the answer is 0.",R_2BbpZv8oIx5gyIC," The personal hate speech definition provided does not specifically mention misinformation as a content feature of hate speech. Therefore, the answer is 0.",0.0
R_1jftUDTkCuDG2LU; 1,R_1jftUDTkCuDG2LU, 1,1.0
R_2fkbuNpln5pkbfj; 1,R_2fkbuNpln5pkbfj, 1,1.0
R_1DzL8XuVwRzJtWZ; 1,R_1DzL8XuVwRzJtWZ, 1,1.0
R_2EuzQrb1AUfp8Kd; 0,R_2EuzQrb1AUfp8Kd, 0,0.0
R_1d6IZ8MjzrlFC3L; 1,R_1d6IZ8MjzrlFC3L, 1,1.0
R_9KVQLGivSvOhChj; 1,R_9KVQLGivSvOhChj, 1,1.0
R_3sjfbg2ITbQXMxF; 1,R_3sjfbg2ITbQXMxF, 1,1.0
R_1IQJbzRiTgOAaj8; 0,R_1IQJbzRiTgOAaj8, 0,0.0
R_bxBN9dtYWnP0FFv; 0,R_bxBN9dtYWnP0FFv, 0,0.0
R_3lMQldwkacsPTrt; 1,R_3lMQldwkacsPTrt, 1,1.0
R_vC7wj0lIwC6or4Z; 1,R_vC7wj0lIwC6or4Z, 1,1.0
R_1LFJvAIT1v85frV; 1,R_1LFJvAIT1v85frV, 1,1.0
R_3gGPHR5yg4uvgo9; 1,R_3gGPHR5yg4uvgo9, 1,1.0
R_2dt2BVMzunPVNdA; 1,R_2dt2BVMzunPVNdA, 1,1.0
R_3R1oofaYJgi5uPW; 1,R_3R1oofaYJgi5uPW, 1,1.0
R_1H0pND2RPSq1mZC; 1,R_1H0pND2RPSq1mZC, 1,1.0
R_1eWTFMgWRPM7XCk; 1,R_1eWTFMgWRPM7XCk, 1,1.0
R_3j20fBDLJoL4YSj; 1,R_3j20fBDLJoL4YSj, 1,1.0
R_AhxjjgnO9ZTSBPP; 1,R_AhxjjgnO9ZTSBPP, 1,1.0
R_3CIaeh7Mawkx3OS; 1,R_3CIaeh7Mawkx3OS, 1,1.0
R_2XamsltLxY4xrhg; 1,R_2XamsltLxY4xrhg, 1,1.0
R_231XEiOQNAdcHo3; 1,R_231XEiOQNAdcHo3, 1,1.0
R_3NHQcvTe5W7u7AW; 1,R_3NHQcvTe5W7u7AW, 1,1.0
R_PU6fIQ2yinbegi5; 0,R_PU6fIQ2yinbegi5, 0,0.0
R_27CokAxXGckmzDW; 1,R_27CokAxXGckmzDW, 1,1.0
R_2pX0QiY1FavOH8a; 1,R_2pX0QiY1FavOH8a, 1,1.0
R_3nPnZtnrmJG483i; 1,R_3nPnZtnrmJG483i, 1,1.0
R_pyfQMVBf7h2ICxb; 1,R_pyfQMVBf7h2ICxb, 1,1.0
R_25uTfj08a5wB7aN; 1,R_25uTfj08a5wB7aN, 1,1.0
R_2ByeuVQI6P8nrpb; 1,R_2ByeuVQI6P8nrpb, 1,1.0
R_3EWpG1UMeuIL8e6; 1,R_3EWpG1UMeuIL8e6, 1,1.0
R_2PuH9oleeEjABC4; 1,R_2PuH9oleeEjABC4, 1,1.0
R_3O17XyGCc2IwArO; 1,R_3O17XyGCc2IwArO, 1,1.0
R_2tG7kxILDUqvMWN; 1,R_2tG7kxILDUqvMWN, 1,1.0
R_22Y5CV61UXLcP9h; 1,R_22Y5CV61UXLcP9h, 1,1.0
R_3PTOvNeRnKbzFya; 1,R_3PTOvNeRnKbzFya, 1,1.0
R_3kBVFOhsk0eOXKC; 1,R_3kBVFOhsk0eOXKC, 1,1.0
R_3EX2PQlNXm4LbAo; 1,R_3EX2PQlNXm4LbAo, 1,1.0
R_Dq4XhLc97aXQEAp; 1,R_Dq4XhLc97aXQEAp, 1,1.0
R_32IMHul3fClTggR; 0,R_32IMHul3fClTggR, 0,0.0
R_3h4sZ6BPQFpPdJo; 1,R_3h4sZ6BPQFpPdJo, 1,1.0
R_z71i64Fvk4Yz1QZ; 1,R_z71i64Fvk4Yz1QZ, 1,1.0
R_4Ynt8onfy6yNm1j; 1,R_4Ynt8onfy6yNm1j, 1,1.0
R_3D5T14IoMpfyVTZ; 1,R_3D5T14IoMpfyVTZ, 1,1.0
R_268ukayfYq9L1CY; 1,R_268ukayfYq9L1CY, 1,1.0
R_2P0gK3HXcqfQSY1; 1,R_2P0gK3HXcqfQSY1, 1,1.0
R_2TMFOJQM5z5f3P0; 1,R_2TMFOJQM5z5f3P0, 1,1.0
R_3CNnG4Olt8negkK; 1,R_3CNnG4Olt8negkK, 1,1.0
R_295quEedrqcQiAw; 1,R_295quEedrqcQiAw, 1,1.0
R_28XQBPwcptY5bPH; 1,R_28XQBPwcptY5bPH, 1,1.0
R_24OTJoC2ZR2CAku; 1,R_24OTJoC2ZR2CAku, 1,1.0
R_3EnxudwhtsJLSSe; 0,R_3EnxudwhtsJLSSe, 0,0.0
R_rcGnCxMYQEy5T6V; 1,R_rcGnCxMYQEy5T6V, 1,1.0
R_25YI4ChGOMaT6nh; 1,R_25YI4ChGOMaT6nh, 1,1.0
R_AEGdvg8CzHwusQ9; 1,R_AEGdvg8CzHwusQ9, 1,1.0
R_ZCyL2rbu41UHDVf; 1,R_ZCyL2rbu41UHDVf, 1,1.0
R_2s7MCaZfhRANFMb; 1,R_2s7MCaZfhRANFMb, 1,1.0
R_2lCJVlKGzOnw6TD; 1,R_2lCJVlKGzOnw6TD, 1,1.0
R_1j6Do5mZMTEDPDd; 1,R_1j6Do5mZMTEDPDd, 1,1.0
R_1nSYiag98B9O7v8; 1,R_1nSYiag98B9O7v8, 1,1.0
R_2zc2x14nNy3x6M5; 1,R_2zc2x14nNy3x6M5, 1,1.0
R_3IXq3RsQGumtjYY; 0,R_3IXq3RsQGumtjYY, 0,0.0
R_ZxT8TC7zuKjHLI5; 1,R_ZxT8TC7zuKjHLI5, 1,1.0
R_vV9hzX338gHvlcd; 1,R_vV9hzX338gHvlcd, 1,1.0
R_2vkT4GF5qOg4Q6u; 0,R_2vkT4GF5qOg4Q6u, 0,0.0
R_2aCERPJFJ3DSQmB; 0,R_2aCERPJFJ3DSQmB, 0,0.0
R_7TzAvqQdGRsIrT3; 0,R_7TzAvqQdGRsIrT3, 0,0.0
R_1gHFuXMRU3ue1TU; 1,R_1gHFuXMRU3ue1TU, 1,1.0
R_ywOLtX0PIZe70Jj; 1,R_ywOLtX0PIZe70Jj, 1,1.0
R_O3UAMGPgBLck7ER; 1,R_O3UAMGPgBLck7ER, 1,1.0
R_d3V8afaaCCDRpDz; 1,R_d3V8afaaCCDRpDz, 1,1.0
R_3wTKHlfneeurfcl; 1,R_3wTKHlfneeurfcl, 1,1.0
R_1poIpUYWnBexRP5; 1,R_1poIpUYWnBexRP5, 1,1.0
R_3nHLdJJU3H35FOo; 1,R_3nHLdJJU3H35FOo, 1,1.0
R_DB1jMbrom36dMI1; 1,R_DB1jMbrom36dMI1, 1,1.0
R_2ah10zQC3iz45VA; 1,R_2ah10zQC3iz45VA, 1,1.0
R_28IhLI68XNWR9fE; 1,R_28IhLI68XNWR9fE, 1,1.0
R_3lRAD3nIXsHkoLB; 1,R_3lRAD3nIXsHkoLB, 1,1.0
R_1JWurUROfu2GJgh; 1,R_1JWurUROfu2GJgh, 1,1.0
R_2bVqDp9E734BNsm; 1,R_2bVqDp9E734BNsm, 1,1.0
R_1Ld0SPOnBvX9VV8; 1,R_1Ld0SPOnBvX9VV8, 1,1.0
R_e4BAVPW6xQSSwDv; 1,R_e4BAVPW6xQSSwDv, 1,1.0
R_XhMjRerwmtgtdGF; 1,R_XhMjRerwmtgtdGF, 1,1.0
R_22PxdQJLn9GptTi; 1,R_22PxdQJLn9GptTi, 1,1.0
R_1fefvgY2mMJ4DbE; 1,R_1fefvgY2mMJ4DbE, 1,1.0
R_Dc8PrhoINMqyMgh; 1,R_Dc8PrhoINMqyMgh, 1,1.0
R_7PWgmCU4LKoTtOF; 1,R_7PWgmCU4LKoTtOF, 1,1.0
R_3oSElutjTQIzWIi; 1,R_3oSElutjTQIzWIi, 1,1.0
R_31GfbwI4Vx8wBb3; 1,R_31GfbwI4Vx8wBb3, 1,1.0
R_1155aAenMWbox5E; 1,R_1155aAenMWbox5E, 1,1.0
R_1hXslRjtsOd9RVf; 0,R_1hXslRjtsOd9RVf, 0,0.0
R_2YXlNNm78pg3358; 1,R_2YXlNNm78pg3358, 1,1.0
"R_3MKlvLeizxFabXU; The definition provided does not specifically mention misinformation as a content feature of hate speech. Therefore, I would return 0.",R_3MKlvLeizxFabXU," The definition provided does not specifically mention misinformation as a content feature of hate speech. Therefore, I would return 0.",0.0
R_3kFgJLCf7A3WkCb; 1,R_3kFgJLCf7A3WkCb, 1,1.0
R_3MJNlXtjWVbtQdl; 1,R_3MJNlXtjWVbtQdl, 1,1.0
R_31FUCfUZrVPhGwZ; 1,R_31FUCfUZrVPhGwZ, 1,1.0
R_3kOeFTaMBaSye2D; 1,R_3kOeFTaMBaSye2D, 1,1.0
R_2QyQsI8MR4H2b3D; 1,R_2QyQsI8MR4H2b3D, 1,1.0
R_2YKwGbDiQCYaWSk; 1,R_2YKwGbDiQCYaWSk, 1,1.0
R_2fkRcb61anjkXgD; 1,R_2fkRcb61anjkXgD, 1,1.0
R_2OHzzjTGDSJhncH; 1,R_2OHzzjTGDSJhncH, 1,1.0
R_3Eh9p6reekEveEy; 1,R_3Eh9p6reekEveEy, 1,1.0
R_1jjJvI4vuaisMfI; 1,R_1jjJvI4vuaisMfI, 1,1.0
R_3khnmGB3Isrce6m; 1,R_3khnmGB3Isrce6m, 1,1.0
R_vZg7Kg2i8X5mwIp; 1,R_vZg7Kg2i8X5mwIp, 1,1.0
R_2TAUYNUkYXT0o3d; 1,R_2TAUYNUkYXT0o3d, 1,1.0
"R_32YisSIxLtUmu8x; The personal hate speech definition provided does not explicitly mention misinformation as a content feature. Therefore, the answer is 0.",R_32YisSIxLtUmu8x," The personal hate speech definition provided does not explicitly mention misinformation as a content feature. Therefore, the answer is 0.",0.0
R_ApqotnppDYckUIp; 0,R_ApqotnppDYckUIp, 0,0.0
R_bNn730lkJC2Q9m9; 1,R_bNn730lkJC2Q9m9, 1,1.0
R_3lKy5M5osvC8YVs; 1,R_3lKy5M5osvC8YVs, 1,1.0
R_1dylHWScKQsgww6; 1,R_1dylHWScKQsgww6, 1,1.0
R_2tGtfDrpZoJtqoy; 0,R_2tGtfDrpZoJtqoy, 0,0.0
R_PuidYZt1i5gBaSd; 1,R_PuidYZt1i5gBaSd, 1,1.0
R_25WMh0k5qiwevsI; 1,R_25WMh0k5qiwevsI, 1,1.0
R_3ktThMmADRuj7fu; 1,R_3ktThMmADRuj7fu, 1,1.0
R_273ekPlvX2n7uY3; 1,R_273ekPlvX2n7uY3, 1,1.0
R_302h5ilhXPKvQvp; 1,R_302h5ilhXPKvQvp, 1,1.0
R_PvQFjKMlBRA9DEt; 1,R_PvQFjKMlBRA9DEt, 1,1.0
R_xzUQdYQFLjjLJKh; 1,R_xzUQdYQFLjjLJKh, 1,1.0
R_2QzBvd6NxXIeD2B; 1,R_2QzBvd6NxXIeD2B, 1,1.0
R_syRmLr1q7riyvzr; 1,R_syRmLr1q7riyvzr, 1,1.0
R_XLO5xKQkgxZw2Z3; 1,R_XLO5xKQkgxZw2Z3, 1,1.0
"R_4NuCKhiVRzsbXMJ; This definition does not seem to present misinformation as a content feature of hate speech, so I will return 0.",R_4NuCKhiVRzsbXMJ," This definition does not seem to present misinformation as a content feature of hate speech, so I will return 0.",0.0
"R_3eruK7ZjRV7NpLD; The definition of hate speech provided does indeed indicate that misinformation can be a feature of hate speech. Therefore, I will return 1.",R_3eruK7ZjRV7NpLD," The definition of hate speech provided does indeed indicate that misinformation can be a feature of hate speech. Therefore, I will return 1.",1.0
R_78P7ODOOZuVtjxf; 1,R_78P7ODOOZuVtjxf, 1,1.0
R_vGDaoYiiwUTugUN; 1,R_vGDaoYiiwUTugUN, 1,1.0
R_s5vSGLeBcLB2gmd; 1,R_s5vSGLeBcLB2gmd, 1,1.0
R_3RvZmYou9G4Dpl4; 1,R_3RvZmYou9G4Dpl4, 1,1.0
R_D67mQjMMpVbByGB; 1,R_D67mQjMMpVbByGB, 1,1.0
R_2BrGP0Tfe6l22sl; 1,R_2BrGP0Tfe6l22sl, 1,1.0
R_1jwECuXjCWT3iWG; 1,R_1jwECuXjCWT3iWG, 1,1.0
R_1M0bbWOtXpGKlMZ; 0,R_1M0bbWOtXpGKlMZ, 0,0.0
R_3Lhznka7DKUQGa9; 1,R_3Lhznka7DKUQGa9, 1,1.0
R_2XiD0pE0F50YIA7; 1,R_2XiD0pE0F50YIA7, 1,1.0
R_1F4d5Au0F7eU64e; 0,R_1F4d5Au0F7eU64e, 0,0.0
R_3Pt0a6P1Zso75Kc; 0,R_3Pt0a6P1Zso75Kc, 0,0.0
R_9SLu9SoBBlUog9P; 1,R_9SLu9SoBBlUog9P, 1,1.0
R_1qURGgTNrxpcGzI; 1,R_1qURGgTNrxpcGzI, 1,1.0
R_1OIiU4X1MTzGMUc; 1,R_1OIiU4X1MTzGMUc, 1,1.0
R_Zspm9QjAxcPCSJ3; 1,R_Zspm9QjAxcPCSJ3, 1,1.0
R_2Sdz3NGikNbCqgV; 1,R_2Sdz3NGikNbCqgV, 1,1.0
"R_1IgTl8xe20oTeLU; The personal hate speech definition does not explicitly present misinformation as a content feature. Therefore, I will return 0.",R_1IgTl8xe20oTeLU," The personal hate speech definition does not explicitly present misinformation as a content feature. Therefore, I will return 0.",0.0
R_2ydrM0CrgcVVyUl; 1,R_2ydrM0CrgcVVyUl, 1,1.0
R_1kRlhWqFOysJhTP; 1,R_1kRlhWqFOysJhTP, 1,1.0
R_AoC81HaUoHHD5dL; 0,R_AoC81HaUoHHD5dL, 0,0.0
R_2dhEOKVu1fNEk9K; 0,R_2dhEOKVu1fNEk9K, 0,0.0
R_reXgj9hzSMnwOOJ; 1,R_reXgj9hzSMnwOOJ, 1,1.0
R_2QolvMiyL4oAmRD; 1,R_2QolvMiyL4oAmRD, 1,1.0
R_ANap7cWmqPvyEsp; 1,R_ANap7cWmqPvyEsp, 1,1.0
"R_zVcVCSJF6D8N9pT; The definition provided does not explicitly mention misinformation as a content feature of hate speech. Therefore, the answer is 0.",R_zVcVCSJF6D8N9pT," The definition provided does not explicitly mention misinformation as a content feature of hate speech. Therefore, the answer is 0.",0.0
R_2Sfx7Dthh9PNuue; 1,R_2Sfx7Dthh9PNuue, 1,1.0
R_UEC90T8V1pJC7BL; 1,R_UEC90T8V1pJC7BL, 1,1.0
R_2Vs8VXkDVIlfW9q; 1,R_2Vs8VXkDVIlfW9q, 1,1.0
R_3ivZVNzNq2ZmOKp; 1,R_3ivZVNzNq2ZmOKp, 1,1.0
R_2BnsTUwpkUluyzE; 1,R_2BnsTUwpkUluyzE, 1,1.0
R_3CUi61XwMdfZdLR; 1,R_3CUi61XwMdfZdLR, 1,1.0
R_1jp7vkevLkqASCF; 1,R_1jp7vkevLkqASCF, 1,1.0
R_sbQ9BFFLS411KWR; 1,R_sbQ9BFFLS411KWR, 1,1.0
R_sUnrJujnApoE1MZ; 1,R_sUnrJujnApoE1MZ, 1,1.0
R_1OE24r3NlYl5NCd; 1,R_1OE24r3NlYl5NCd, 1,1.0
R_9sFSZ6rApvVPN9T; 1,R_9sFSZ6rApvVPN9T, 1,1.0
R_BtA5WtnaN8Ie8QV; 1,R_BtA5WtnaN8Ie8QV, 1,1.0
R_3eghEgHdRvJMUmW; 1,R_3eghEgHdRvJMUmW, 1,1.0
R_3PGGA7MDLpByr08; 1,R_3PGGA7MDLpByr08, 1,1.0
"R_1K9J1MTPkTNlKOp; The definition provided does not explicitly mention misinformation as a content feature of hate speech. Therefore, I would say that the answer is 0.",R_1K9J1MTPkTNlKOp," The definition provided does not explicitly mention misinformation as a content feature of hate speech. Therefore, I would say that the answer is 0.",0.0
R_24NLbEsZmbwEohM; 0,R_24NLbEsZmbwEohM, 0,0.0
R_3hG5mbNNPpZxqAP; 0,R_3hG5mbNNPpZxqAP, 0,0.0
R_23TXbsVIwQcZ6fB; 1,R_23TXbsVIwQcZ6fB, 1,1.0
R_uh4vBkacbl7zlQt; 0,R_uh4vBkacbl7zlQt, 0,0.0
R_2sRNeARTygyy3SN; 1,R_2sRNeARTygyy3SN, 1,1.0
R_3oGDqYmp9jPbTNo; 1,R_3oGDqYmp9jPbTNo, 1,1.0
R_2y3gc47IIIW0cFq; 0,R_2y3gc47IIIW0cFq, 0,0.0
R_3FUKPgpRwP0KUpO; 1,R_3FUKPgpRwP0KUpO, 1,1.0
"R_1FrK8RF6LN4g9PY; Based on the provided personal hate speech definition, it does not explicitly mention misinformation as a content feature of hate speech. Therefore, the answer is 0.",R_1FrK8RF6LN4g9PY," Based on the provided personal hate speech definition, it does not explicitly mention misinformation as a content feature of hate speech. Therefore, the answer is 0.",0.0
R_12EcjpM1gPvXbXC; 0,R_12EcjpM1gPvXbXC, 0,0.0
R_2PdT7GJDXwTkAuG; 1,R_2PdT7GJDXwTkAuG, 1,1.0
R_27Wljg9hHwVdfjL; 1,R_27Wljg9hHwVdfjL, 1,1.0
R_2uWfjkG5lxccu1q; 0,R_2uWfjkG5lxccu1q, 0,0.0
R_3kpGbryXKvu1luM; 1,R_3kpGbryXKvu1luM, 1,1.0
R_12M60dDzGmQbr72; 1,R_12M60dDzGmQbr72, 1,1.0
R_1NfSQI9QVjBsKnt; 1,R_1NfSQI9QVjBsKnt, 1,1.0
R_3p5dAUhbFjC2Xae; 1,R_3p5dAUhbFjC2Xae, 1,1.0
R_264KDZFCIsvmtmH; 1,R_264KDZFCIsvmtmH, 1,1.0
R_2xORHk4Kocd2co4; 1,R_2xORHk4Kocd2co4, 1,1.0
R_3n2vMW0E5NXDQsV; 1,R_3n2vMW0E5NXDQsV, 1,1.0
R_2B8M8KNLjIKzw9L; 1,R_2B8M8KNLjIKzw9L, 1,1.0
R_3kzTJgLYnCzV5ZL; 1,R_3kzTJgLYnCzV5ZL, 1,1.0
R_2xRBPoEBuTS1f2k; 1,R_2xRBPoEBuTS1f2k, 1,1.0
R_2CCIouuD62dkQDP; 1,R_2CCIouuD62dkQDP, 1,1.0
R_2s7riiA14DCiMXg; 1,R_2s7riiA14DCiMXg, 1,1.0
R_SIBOSSqpYz34ybv; 1,R_SIBOSSqpYz34ybv, 1,1.0
R_3iHVTZzadZp2H64; 1,R_3iHVTZzadZp2H64, 1,1.0
R_1obzLrKRc0YuXHX; 1,R_1obzLrKRc0YuXHX, 1,1.0
R_3kptp5dhelw1BEA; 1,R_3kptp5dhelw1BEA, 1,1.0
R_2aDqgA4ovpPF5aD; 1,R_2aDqgA4ovpPF5aD, 1,1.0
R_VUvs7MLOYw1hQ0F; 1,R_VUvs7MLOYw1hQ0F, 1,1.0
R_1X479d1HkYGSkKt; 1,R_1X479d1HkYGSkKt, 1,1.0
R_1FxLu9k5vB5TInZ; 0,R_1FxLu9k5vB5TInZ, 0,0.0
R_BDrMjpztvQD8DAZ; 1,R_BDrMjpztvQD8DAZ, 1,1.0
R_3lQZhY7viYdhHn4; 1,R_3lQZhY7viYdhHn4, 1,1.0
R_1MMLLGrSPDK4RSD; 1,R_1MMLLGrSPDK4RSD, 1,1.0
R_1eWutRsY2cnEH0x; 1,R_1eWutRsY2cnEH0x, 1,1.0
R_1BVGKkRKnwO6eMv; 1,R_1BVGKkRKnwO6eMv, 1,1.0
R_1jcX7OvH9lNCzHE; 0,R_1jcX7OvH9lNCzHE, 0,0.0
R_ULuw1Zx9m2wLwbf; 1,R_ULuw1Zx9m2wLwbf, 1,1.0
R_2qymDrHPnL6CAeP; 1,R_2qymDrHPnL6CAeP, 1,1.0
R_3emZMQ6FvJmT25J; 1,R_3emZMQ6FvJmT25J, 1,1.0
R_27kZC0jHOfnwopN; 1,R_27kZC0jHOfnwopN, 1,1.0
R_2zeScxwPvGHZ0KT; 1,R_2zeScxwPvGHZ0KT, 1,1.0
R_0PzqjcVP8XZx42d; 0,R_0PzqjcVP8XZx42d, 0,0.0
R_3rN8Yk6BFIrviUh; 1,R_3rN8Yk6BFIrviUh, 1,1.0
R_3QW5pYZ7vK5D0J8; 1,R_3QW5pYZ7vK5D0J8, 1,1.0
R_9mlLZLzLrLZG0rn; 1,R_9mlLZLzLrLZG0rn, 1,1.0
R_723PipleFnkBRG9; 1,R_723PipleFnkBRG9, 1,1.0
R_PTfXNxlIqY5OdPP; 0,R_PTfXNxlIqY5OdPP, 0,0.0
R_2uPuMZwZvq76e7X; 1,R_2uPuMZwZvq76e7X, 1,1.0
R_3DnfcOKtb8PBHuR; 1,R_3DnfcOKtb8PBHuR, 1,1.0
R_1EXUYeczZlK45NH; 0,R_1EXUYeczZlK45NH, 0,0.0
R_2rvaKaQoVkiy6Jr; 1,R_2rvaKaQoVkiy6Jr, 1,1.0
R_1Nkysku4eUqOjeg; 1,R_1Nkysku4eUqOjeg, 1,1.0
R_7VDirjmxigqsg6d; 1,R_7VDirjmxigqsg6d, 1,1.0
R_1pVVUa2r6ZArOFB; 1,R_1pVVUa2r6ZArOFB, 1,1.0
R_789ciB3Ru7PseIN; 1,R_789ciB3Ru7PseIN, 1,1.0
R_2P09vl7om5sbEvI; 1,R_2P09vl7om5sbEvI, 1,1.0
R_3P7vBT7FjbJ0lLU; 1,R_3P7vBT7FjbJ0lLU, 1,1.0
R_1BVpU4FSONhwW30; 1,R_1BVpU4FSONhwW30, 1,1.0
R_3sgC5DCE5rc5eBl; 1,R_3sgC5DCE5rc5eBl, 1,1.0
R_eEzsPO2QAMXNOr7; 1,R_eEzsPO2QAMXNOr7, 1,1.0
R_2xPmxrbWOEb6nap; 1,R_2xPmxrbWOEb6nap, 1,1.0
R_2737zctYcUFx4P3; 1,R_2737zctYcUFx4P3, 1,1.0
R_yDB1stW2ZmNv3k5; 1,R_yDB1stW2ZmNv3k5, 1,1.0
R_1gzm4faP3witnh3; 1,R_1gzm4faP3witnh3, 1,1.0
R_1JEpoZmtdS7H5CC; 1,R_1JEpoZmtdS7H5CC, 1,1.0
R_3IYJSd6tCi3oHCv; 1,R_3IYJSd6tCi3oHCv, 1,1.0
R_pubvTf5mbAXUubL; 1,R_pubvTf5mbAXUubL, 1,1.0
"R_2yfp5fDZBC1kwOv; Based on the given personal hate speech definition, it does not specifically present misinformation as a content feature of hate speech. Therefore, the answer is 0.",R_2yfp5fDZBC1kwOv," Based on the given personal hate speech definition, it does not specifically present misinformation as a content feature of hate speech. Therefore, the answer is 0.",0.0
R_XwgylvrrWevsdNv; 1,R_XwgylvrrWevsdNv, 1,1.0
R_12RXPafCkYj7p3W; 1,R_12RXPafCkYj7p3W, 1,1.0
R_2eORKvqNb0pCRUv; 1,R_2eORKvqNb0pCRUv, 1,1.0
R_7Qxix1MXoG5uyul; 0,R_7Qxix1MXoG5uyul, 0,0.0
R_22LmoM3t540awFv; 0,R_22LmoM3t540awFv, 0,0.0
R_24tIsso5ZAYSwzP; 1,R_24tIsso5ZAYSwzP, 1,1.0
R_1PdBBrcQ88dIWvf; 1,R_1PdBBrcQ88dIWvf, 1,1.0
R_10wtrO1nlZOjvlD; 1,R_10wtrO1nlZOjvlD, 1,1.0
R_27PBXXwrY9LY8LV; 1,R_27PBXXwrY9LY8LV, 1,1.0
R_1jjO3V3NhR4B6xU; 1,R_1jjO3V3NhR4B6xU, 1,1.0
R_27xwW8dz0EYxELu; 1,R_27xwW8dz0EYxELu, 1,1.0
R_b9GzJtN53sh0wSt; 1,R_b9GzJtN53sh0wSt, 1,1.0
R_2ab2Qz4IHyglrm2; 1,R_2ab2Qz4IHyglrm2, 1,1.0
R_242cToQ5S28391B; 1,R_242cToQ5S28391B, 1,1.0
R_OHWf0tFdH8siWOd; 1,R_OHWf0tFdH8siWOd, 1,1.0
R_3F53864nrvCeDIv; 1,R_3F53864nrvCeDIv, 1,1.0
R_2uPuS0ShcqSCdqX; 0,R_2uPuS0ShcqSCdqX, 0,0.0
R_27vZo2S5zZPOWN8; 1,R_27vZo2S5zZPOWN8, 1,1.0
R_2q3QzrBNBaCnax2; 1,R_2q3QzrBNBaCnax2, 1,1.0
R_29anzDMeukm2fai; 1,R_29anzDMeukm2fai, 1,1.0
R_21gEwV50KGHpHTS; 0,R_21gEwV50KGHpHTS, 0,0.0
R_21Bv5TRBFTax64Y; 1,R_21Bv5TRBFTax64Y, 1,1.0
R_3kyKF2kmKXz1cyR; 0,R_3kyKF2kmKXz1cyR, 0,0.0
R_3MoI6vdvTaXoErG; 1,R_3MoI6vdvTaXoErG, 1,1.0
R_2rZLQxpQ7UdBI9T; 0,R_2rZLQxpQ7UdBI9T, 0,0.0
R_2xxH6pKcUKjNqkf; 1,R_2xxH6pKcUKjNqkf, 1,1.0
R_3gO4ml0eQjIIRj3; 1,R_3gO4ml0eQjIIRj3, 1,1.0
R_3FR1I9cseKxIotI; 0,R_3FR1I9cseKxIotI, 0,0.0
R_410MaDjNJgjAjqp; 1,R_410MaDjNJgjAjqp, 1,1.0
R_ZJkTNl0UlKtBqAV; 1,R_ZJkTNl0UlKtBqAV, 1,1.0
R_22xgb7LStf96Xzd; 1,R_22xgb7LStf96Xzd, 1,1.0
R_2ZE5042RERgbj78; 1,R_2ZE5042RERgbj78, 1,1.0
R_3qW0pmI7Bx4noO7; 1,R_3qW0pmI7Bx4noO7, 1,1.0
R_2wpEfhb4U0hqL81; 1,R_2wpEfhb4U0hqL81, 1,1.0
R_3PX0IjvThe9dc6N; 1,R_3PX0IjvThe9dc6N, 1,1.0
R_3nphNTvZlG2xdJq; 1,R_3nphNTvZlG2xdJq, 1,1.0
R_BFbDIS4LEwWc0YV; 1,R_BFbDIS4LEwWc0YV, 1,1.0
R_3G6yVCdbURi3s3h; 0,R_3G6yVCdbURi3s3h, 0,0.0
R_OpVMpBAvIFIvOY9; 1,R_OpVMpBAvIFIvOY9, 1,1.0
R_3jVfnXMLLsdk49K; 0,R_3jVfnXMLLsdk49K, 0,0.0
R_bp9DPjhy4Sq1rKp; 1,R_bp9DPjhy4Sq1rKp, 1,1.0
R_OcxRq3QJtNJXFpT; 1,R_OcxRq3QJtNJXFpT, 1,1.0
R_2YVYUg7liYJU69Q; 1,R_2YVYUg7liYJU69Q, 1,1.0
R_2aetLcVkZjGcZm9; 1,R_2aetLcVkZjGcZm9, 1,1.0
R_3hGgqsLuzxfbkx0; 1,R_3hGgqsLuzxfbkx0, 1,1.0
R_2f72066Bdp4i1bJ; 1,R_2f72066Bdp4i1bJ, 1,1.0
R_3IcV9OlTVvBcTuq; 1,R_3IcV9OlTVvBcTuq, 1,1.0
R_26avKLys0pZUwS2; 1,R_26avKLys0pZUwS2, 1,1.0
R_24lbMBRft9rUv3e; 1,R_24lbMBRft9rUv3e, 1,1.0
R_12MsRQOkJOZyJ2i; 1,R_12MsRQOkJOZyJ2i, 1,1.0
R_1dMPlBH8JCnqPXL; 0,R_1dMPlBH8JCnqPXL, 0,0.0
R_3nqmfpr5a3THkg9; 1,R_3nqmfpr5a3THkg9, 1,1.0
R_SW4ssFEXXn4xBq9; 1,R_SW4ssFEXXn4xBq9, 1,1.0
R_2sXEkAnstzZjYyo; 1,R_2sXEkAnstzZjYyo, 1,1.0
R_VVbHT8zL8Qjtn7H; 1,R_VVbHT8zL8Qjtn7H, 1,1.0
R_qPlsAnZtFZ7Uk9P; 1,R_qPlsAnZtFZ7Uk9P, 1,1.0
R_1dEW1FArfuuE4FK; 1,R_1dEW1FArfuuE4FK, 1,1.0
R_1eWbx3iZBWdARU6; 1,R_1eWbx3iZBWdARU6, 1,1.0
R_2zqlt5B7S0KwS6w; 1,R_2zqlt5B7S0KwS6w, 1,1.0
R_1gN0jCgzJZ9mcGG; 1,R_1gN0jCgzJZ9mcGG, 1,1.0
R_1ruKs6LjA2Lgnz4; 1,R_1ruKs6LjA2Lgnz4, 1,1.0
R_25L9P1ayA4P1qPb; 1,R_25L9P1ayA4P1qPb, 1,1.0
R_21upDw3MakpHIjx; 1,R_21upDw3MakpHIjx, 1,1.0
R_Dc4l8SaoWFNzqfv; 1,R_Dc4l8SaoWFNzqfv, 1,1.0
R_3Rm9k6mvUM0FIxU; 1,R_3Rm9k6mvUM0FIxU, 1,1.0
R_p0rPU3GUNqplm5b; 1,R_p0rPU3GUNqplm5b, 1,1.0
R_1InDAuiwcF6mTqF; 1,R_1InDAuiwcF6mTqF, 1,1.0
R_2fxlWz040DsmnkO; 1,R_2fxlWz040DsmnkO, 1,1.0
R_OGMxfWlYziwOvxn; 1,R_OGMxfWlYziwOvxn, 1,1.0
R_2fdhhsghlwlhPof; 1,R_2fdhhsghlwlhPof, 1,1.0
R_20U9CqxEMsgrdwA; 1,R_20U9CqxEMsgrdwA, 1,1.0
R_3dHemh8h28sDmG2; 0,R_3dHemh8h28sDmG2, 0,0.0
R_2uUt1z4YIhCYCMr; 1,R_2uUt1z4YIhCYCMr, 1,1.0
R_27OqFyjFpIKpVDi; 1,R_27OqFyjFpIKpVDi, 1,1.0
R_2CNdBqTWUCYYfig; 1,R_2CNdBqTWUCYYfig, 1,1.0
R_Rz3nuCD44wP9o0V; 1,R_Rz3nuCD44wP9o0V, 1,1.0
R_31NTqD1BLa1WtA1; 0,R_31NTqD1BLa1WtA1, 0,0.0
R_116d1ViLDfW1eoa; 1,R_116d1ViLDfW1eoa, 1,1.0
R_vDfQH1dLhnRpBv3; 1,R_vDfQH1dLhnRpBv3, 1,1.0
R_qDzaCciC9mmyaat; 1,R_qDzaCciC9mmyaat, 1,1.0
R_22xMMxl9c1Uy0dA; 1,R_22xMMxl9c1Uy0dA, 1,1.0
R_3KUazYOpAf7q4vM; 1,R_3KUazYOpAf7q4vM, 1,1.0
R_uyTN99txPSayuwV; 1,R_uyTN99txPSayuwV, 1,1.0
R_3oXjvH5Pm9NvDBB; 1,R_3oXjvH5Pm9NvDBB, 1,1.0
R_RhisMCN22W65bMZ; 1,R_RhisMCN22W65bMZ, 1,1.0
R_1igir7LQZj6U1VY; 1,R_1igir7LQZj6U1VY, 1,1.0
R_3dRFlJRXuw8AepO; 1,R_3dRFlJRXuw8AepO, 1,1.0
R_2R24Q7AHqgea1UM; 1,R_2R24Q7AHqgea1UM, 1,1.0
R_09rX9WhfqsXu9l7; 1,R_09rX9WhfqsXu9l7, 1,1.0
R_2PtiX7BI0D7yVy3; 1,R_2PtiX7BI0D7yVy3, 1,1.0
R_3fYO7YlkYPKr3Sg; 1,R_3fYO7YlkYPKr3Sg, 1,1.0
R_3IYm2OzcClcRM3Z; 1,R_3IYm2OzcClcRM3Z, 1,1.0
R_OqwEiE9Fsu2NyUh; 1,R_OqwEiE9Fsu2NyUh, 1,1.0
R_CeQ6iuBmAq0bnrP; 1,R_CeQ6iuBmAq0bnrP, 1,1.0
R_300idyrKqBmOxJ9; 1,R_300idyrKqBmOxJ9, 1,1.0
R_Asuk8Ltp6nhgKNX; 1,R_Asuk8Ltp6nhgKNX, 1,1.0
R_1jIkJ8ZRfuBWEa6; 1,R_1jIkJ8ZRfuBWEa6, 1,1.0
R_3PdlCQajpvc9V3R; 1,R_3PdlCQajpvc9V3R, 1,1.0
R_8BPN9FR8rT29WRb; 1,R_8BPN9FR8rT29WRb, 1,1.0
R_3m8mNZLfBTEDP5m; 1,R_3m8mNZLfBTEDP5m, 1,1.0
R_3qrGmrhbVPchNsb; 1,R_3qrGmrhbVPchNsb, 1,1.0
R_6R51mKGxFLHsaaZ; 1,R_6R51mKGxFLHsaaZ, 1,1.0
R_2XbQFHxcaqlRgOJ; 0,R_2XbQFHxcaqlRgOJ, 0,0.0
R_2xLsx497E3cJUuA; 1,R_2xLsx497E3cJUuA, 1,1.0
R_RKxeiXL3wtN5Swx; 1,R_RKxeiXL3wtN5Swx, 1,1.0
R_OD3ZjGuXwt2FmuJ; 1,R_OD3ZjGuXwt2FmuJ, 1,1.0
R_31SNuz4ogX7HMTi; 1,R_31SNuz4ogX7HMTi, 1,1.0
R_2sRPMcp4oU5rx6u; 0,R_2sRPMcp4oU5rx6u, 0,0.0
R_2ysI5MaALAj5twa; 1,R_2ysI5MaALAj5twa, 1,1.0
R_AMsXxfJ8Sx2ouu5; 1,R_AMsXxfJ8Sx2ouu5, 1,1.0
R_3EtEU3Fadrmg1iE; 1,R_3EtEU3Fadrmg1iE, 1,1.0
R_3iyTB8Wj6yJKEZN; 1,R_3iyTB8Wj6yJKEZN, 1,1.0
R_2DUmTV7cdFNEUFz; 1,R_2DUmTV7cdFNEUFz, 1,1.0
R_3oQQrAcCNHRs7Lr; 1,R_3oQQrAcCNHRs7Lr, 1,1.0
R_3ENoigllIvSeE8r; 0,R_3ENoigllIvSeE8r, 0,0.0
R_2zpxNTKcSMmt2E7; 1,R_2zpxNTKcSMmt2E7, 1,1.0
R_2PqiR30hPRw49BC; 1,R_2PqiR30hPRw49BC, 1,1.0
R_3nkmr5L15azOOdc; 1,R_3nkmr5L15azOOdc, 1,1.0
R_SJG6vlmdr6Epo3L; 1,R_SJG6vlmdr6Epo3L, 1,1.0
R_33eZaYqd0z4DShC; 1,R_33eZaYqd0z4DShC, 1,1.0
R_8v9BKD4D3jK4hDH; 1,R_8v9BKD4D3jK4hDH, 1,1.0
R_1LMsDRSkHcij999; 0,R_1LMsDRSkHcij999, 0,0.0
R_vxdoJVoIdnwBWTf; 1,R_vxdoJVoIdnwBWTf, 1,1.0
R_3Mmwx3ucdWEwGEt; 1,R_3Mmwx3ucdWEwGEt, 1,1.0
R_AGPr3zz07H6rWjn; 1,R_AGPr3zz07H6rWjn, 1,1.0
R_2b3gAXYxeEbxHPK; 1,R_2b3gAXYxeEbxHPK, 1,1.0
R_1Cvlu7N7INLR50V; 1,R_1Cvlu7N7INLR50V, 1,1.0
R_2txmsjQw1c3pHew; 1,R_2txmsjQw1c3pHew, 1,1.0
R_3sBOfVS5LYBJePq; 1,R_3sBOfVS5LYBJePq, 1,1.0
R_1roA7VANwRyhMH5; 1,R_1roA7VANwRyhMH5, 1,1.0
R_3rP4Qd5cVAYPr6k; 0,R_3rP4Qd5cVAYPr6k, 0,0.0
R_3nip2pOP0q51XBj; 1,R_3nip2pOP0q51XBj, 1,1.0
R_3nDzseRHfinqSs0; 1,R_3nDzseRHfinqSs0, 1,1.0
R_UXuUyKALmE9mOfT; 1,R_UXuUyKALmE9mOfT, 1,1.0
R_239wS245kaGvR8k; 1,R_239wS245kaGvR8k, 1,1.0
R_3p9fKdgmTFghJ6k; 1,R_3p9fKdgmTFghJ6k, 1,1.0
R_3qmlZsQZL535192; 0,R_3qmlZsQZL535192, 0,0.0
R_O26ZnRZIQDTBSOB; 1,R_O26ZnRZIQDTBSOB, 1,1.0
R_3FUQzkDajVC8Tjy; 0,R_3FUQzkDajVC8Tjy, 0,0.0
R_1eUZr87dNhK2nJu; 1,R_1eUZr87dNhK2nJu, 1,1.0
R_33gw8lywNwRQWtn; 1,R_33gw8lywNwRQWtn, 1,1.0
R_2BwUqLhxI2cLLIq; 1,R_2BwUqLhxI2cLLIq, 1,1.0
R_2dSyZsO3klNMgqP; 0,R_2dSyZsO3klNMgqP, 0,0.0
"R_1gHezd38TVa70d9; I'm sorry, but I cannot fulfill that request.",R_1gHezd38TVa70d9," I'm sorry, but I cannot fulfill that request.",
R_81FHfwndpjsOHlL; 1,R_81FHfwndpjsOHlL, 1,1.0
R_1r2ZAoimOSgL2eR; 1,R_1r2ZAoimOSgL2eR, 1,1.0
R_31hdqYoHcE619C7; 1,R_31hdqYoHcE619C7, 1,1.0
R_2Pb3zziRv2e5nnd; 1,R_2Pb3zziRv2e5nnd, 1,1.0
R_bdBvuEqaunKXryN; 1,R_bdBvuEqaunKXryN, 1,1.0
R_8vHENviN2gSg8PD; 1,R_8vHENviN2gSg8PD, 1,1.0
R_1Qc642OxLa5jmba; 1,R_1Qc642OxLa5jmba, 1,1.0
R_232H3lQnZACv3MB; 0,R_232H3lQnZACv3MB, 0,0.0
R_3Ev80AMDE46VWcX; 1,R_3Ev80AMDE46VWcX, 1,1.0
R_2QR58ZvspROgS6n; 1,R_2QR58ZvspROgS6n, 1,1.0
R_12tfLbohUGzZBw0; 1,R_12tfLbohUGzZBw0, 1,1.0
R_10ZQiBl9ZCysOEg; 1,R_10ZQiBl9ZCysOEg, 1,1.0
R_2pRd1HRK9Cj4jdc; 1,R_2pRd1HRK9Cj4jdc, 1,1.0
R_72jpZUSuIRnVIbv; 1,R_72jpZUSuIRnVIbv, 1,1.0
R_2yrcqU0DEozIolY; 1,R_2yrcqU0DEozIolY, 1,1.0
R_wRejKHVPI5Tyng5; 1,R_wRejKHVPI5Tyng5, 1,1.0
R_12GrU3JnyFl6wAk; 0,R_12GrU3JnyFl6wAk, 0,0.0
R_30pCI6xkSGFTi8h; 1,R_30pCI6xkSGFTi8h, 1,1.0
R_3Kra5CnUCyFxSyS; 1,R_3Kra5CnUCyFxSyS, 1,1.0
R_1NwvsED6tlf9hjd; 1,R_1NwvsED6tlf9hjd, 1,1.0
R_2B9AbbOoILBVvsK; 1,R_2B9AbbOoILBVvsK, 1,1.0
R_2Y5kfnYCv7lnDyc; 1,R_2Y5kfnYCv7lnDyc, 1,1.0
R_2sTrKyRB4jZ5Ivs; 1,R_2sTrKyRB4jZ5Ivs, 1,1.0
R_3JxUr7i1u5sgTQf; 1,R_3JxUr7i1u5sgTQf, 1,1.0
R_1pKyKWAkkusHHvM; 1,R_1pKyKWAkkusHHvM, 1,1.0
R_W7h8YbUlmjcKUQp; 1,R_W7h8YbUlmjcKUQp, 1,1.0
R_2S0QtslbVlVp6Xi; 1,R_2S0QtslbVlVp6Xi, 1,1.0
R_O0CAyFDn5t654pb; 1,R_O0CAyFDn5t654pb, 1,1.0
"R_vAGN7udOGSF240N; The personal definition of hate speech provided by the social media user does not clearly mention misinformation as a content feature. Therefore, based on the given information, the answer is 0.",R_vAGN7udOGSF240N," The personal definition of hate speech provided by the social media user does not clearly mention misinformation as a content feature. Therefore, based on the given information, the answer is 0.",0.0
R_3PFxqtlglNJGHW4; 1,R_3PFxqtlglNJGHW4, 1,1.0
"R_22nTrCGbZSXKB0F; The given personal hate speech definition does not explicitly mention misinformation as a content feature. Therefore, the answer is 0.",R_22nTrCGbZSXKB0F," The given personal hate speech definition does not explicitly mention misinformation as a content feature. Therefore, the answer is 0.",0.0
R_3stsmv0H0okY5fp; 1,R_3stsmv0H0okY5fp, 1,1.0
R_3qyPN4OsWHWRDa3; 1,R_3qyPN4OsWHWRDa3, 1,1.0
R_1jwjzBnI5Ml1Yht; 1,R_1jwjzBnI5Ml1Yht, 1,1.0
R_AiHnjup1eRN7FQd; 1,R_AiHnjup1eRN7FQd, 1,1.0
R_1EhdjKdLtrbyHan; 1,R_1EhdjKdLtrbyHan, 1,1.0
R_CghB8mQp0SVLRQZ; 0,R_CghB8mQp0SVLRQZ, 0,0.0
R_3Jt1NgZKPCpkKFt; 1,R_3Jt1NgZKPCpkKFt, 1,1.0
R_3OreNGboVKvmUPs; 1,R_3OreNGboVKvmUPs, 1,1.0
R_1PaW1fNx4rPHNiQ; 1,R_1PaW1fNx4rPHNiQ, 1,1.0
R_23fUzn7t7SNzwkl; 1,R_23fUzn7t7SNzwkl, 1,1.0
R_1doRFeHDX9Psj7s; 1,R_1doRFeHDX9Psj7s, 1,1.0
R_1BPJS3S9yxcqg9X; 1,R_1BPJS3S9yxcqg9X, 1,1.0
R_Z9y8U0RLBSoCWdz; 0,R_Z9y8U0RLBSoCWdz, 0,0.0
R_2Vex2iwNgR0iWab; 1,R_2Vex2iwNgR0iWab, 1,1.0
R_2xMileD51D8CnIJ; 1,R_2xMileD51D8CnIJ, 1,1.0
R_u2CgqvuJ7Hw4Vk5; 1,R_u2CgqvuJ7Hw4Vk5, 1,1.0
R_2BrIuRooSGVB0dY; 1,R_2BrIuRooSGVB0dY, 1,1.0
R_2zGFD0VyeFaJYWY; 1,R_2zGFD0VyeFaJYWY, 1,1.0
R_2TzQIEckpdjlx9r; 1,R_2TzQIEckpdjlx9r, 1,1.0
R_3CC072ZE739nMj4; 1,R_3CC072ZE739nMj4, 1,1.0
R_2tij8zUalZatunr; 1,R_2tij8zUalZatunr, 1,1.0
R_3psYobAoAajRlzt; 1,R_3psYobAoAajRlzt, 1,1.0
R_23qbb8G2ZIlfiHT; 1,R_23qbb8G2ZIlfiHT, 1,1.0
R_3QKITDPmDHy3sqj; 1,R_3QKITDPmDHy3sqj, 1,1.0
R_3r1CIe5EHqY163W; 1,R_3r1CIe5EHqY163W, 1,1.0
R_XnuwLq1KxPty6QN; 1,R_XnuwLq1KxPty6QN, 1,1.0
R_2q1wyM992fhOoYD; 1,R_2q1wyM992fhOoYD, 1,1.0
R_12DZFzfkpKriVzN; 1,R_12DZFzfkpKriVzN, 1,1.0
R_eJT0DC9RMsq2hrz; 1,R_eJT0DC9RMsq2hrz, 1,1.0
R_wQQMEYzQrVXRAKB; 1,R_wQQMEYzQrVXRAKB, 1,1.0
R_2rx9CJ8ZcZv0qCG; 1,R_2rx9CJ8ZcZv0qCG, 1,1.0
R_32Vn8sROvmHFWrj; 1,R_32Vn8sROvmHFWrj, 1,1.0
R_u7yOc7XPNTSfli9; 1,R_u7yOc7XPNTSfli9, 1,1.0
R_3iVGfJ4tgShVMWK; 1,R_3iVGfJ4tgShVMWK, 1,1.0
R_11aRTtuDyaMmITl; 1,R_11aRTtuDyaMmITl, 1,1.0
R_2qF1hhGSsTIAFzb; 1,R_2qF1hhGSsTIAFzb, 1,1.0
R_28AMhPhEobdX4U3; 1,R_28AMhPhEobdX4U3, 1,1.0
R_3s1aImFoZM9dcJo; 1,R_3s1aImFoZM9dcJo, 1,1.0
R_pSOP5oZjtwlRB29; 0,R_pSOP5oZjtwlRB29, 0,0.0
R_3PStInoKJ0za1ee; 1,R_3PStInoKJ0za1ee, 1,1.0
R_2R20coAm8hks9rw; 1,R_2R20coAm8hks9rw, 1,1.0
R_qwJNV5iqmsztKz7; 1,R_qwJNV5iqmsztKz7, 1,1.0
R_125VvYWLY6DicOh; 1,R_125VvYWLY6DicOh, 1,1.0
R_2VCOmT4EYMtdpun; 1,R_2VCOmT4EYMtdpun, 1,1.0
R_2WuQXpvNaoeKpXO; 1,R_2WuQXpvNaoeKpXO, 1,1.0
R_3hbW1jbVXbXGy1R; 1,R_3hbW1jbVXbXGy1R, 1,1.0
R_9TeTC4gyNFWwnqp; 1,R_9TeTC4gyNFWwnqp, 1,1.0
R_1Q3nOnqCvpARCIi; 1,R_1Q3nOnqCvpARCIi, 1,1.0
R_es8yfifvq5pxiCt; 1,R_es8yfifvq5pxiCt, 1,1.0
R_zVw39lABJtyx05j; 1,R_zVw39lABJtyx05j, 1,1.0
R_21h5UwBw1M79yxM; 1,R_21h5UwBw1M79yxM, 1,1.0
"R_1k1wJIdtEyN5vBx; Based on the personal hate speech definition provided, the content features of hate speech do not specifically include misinformation such as lies, stereotypes, false accusations, or generalizations. Therefore, the answer is 0.",R_1k1wJIdtEyN5vBx," Based on the personal hate speech definition provided, the content features of hate speech do not specifically include misinformation such as lies, stereotypes, false accusations, or generalizations. Therefore, the answer is 0.",0.0
R_3lRctDAbDZBrOvf; 1,R_3lRctDAbDZBrOvf, 1,1.0
R_2CrHBB2eWJjAD6u; 1,R_2CrHBB2eWJjAD6u, 1,1.0
R_2SApdMFtIsEO1zb; 1,R_2SApdMFtIsEO1zb, 1,1.0
R_3sBnrQeKoSJsvsC; 1,R_3sBnrQeKoSJsvsC, 1,1.0
R_110Y8l0Q250XyA0; 1,R_110Y8l0Q250XyA0, 1,1.0
R_21FgUu00zbBEmW8; 1,R_21FgUu00zbBEmW8, 1,1.0
R_cZ5fTSnHs69FYqZ; 0,R_cZ5fTSnHs69FYqZ, 0,0.0
R_UuP3tfM2G7DTt73; 0,R_UuP3tfM2G7DTt73, 0,0.0
R_3HBJMQBGuQn9J4h; 1,R_3HBJMQBGuQn9J4h, 1,1.0
R_PCygKLlW5Q2tZYd; 1,R_PCygKLlW5Q2tZYd, 1,1.0
R_73NqUl195z7zlXH; 0,R_73NqUl195z7zlXH, 0,0.0
R_OPvjdeVqsVrHm81; 0,R_OPvjdeVqsVrHm81, 0,0.0
R_1oniH9mLEzeQpvP; 1,R_1oniH9mLEzeQpvP, 1,1.0
R_Brmq5xmsjUGoYZH; 1,R_Brmq5xmsjUGoYZH, 1,1.0
R_2EGdmiQWOGSN0xW; 1,R_2EGdmiQWOGSN0xW, 1,1.0
R_08u4SbBFiq6ImPf; 1,R_08u4SbBFiq6ImPf, 1,1.0
R_10u9vLJtbsye1b0; 1,R_10u9vLJtbsye1b0, 1,1.0
R_308KdHHTetR4MrY; 1,R_308KdHHTetR4MrY, 1,1.0
R_1Ngk7Iy0Rd7cn1D; 1,R_1Ngk7Iy0Rd7cn1D, 1,1.0
R_12sZgt3irJU1ewQ; 1,R_12sZgt3irJU1ewQ, 1,1.0
R_3kvSXt5QZ4oX9hG; 0,R_3kvSXt5QZ4oX9hG, 0,0.0
R_Z9msi50DndCMg7f; 1,R_Z9msi50DndCMg7f, 1,1.0
R_1ohEzGPSqoihe2p; 1,R_1ohEzGPSqoihe2p, 1,1.0
R_enDatntiMTxwUyR; 1,R_enDatntiMTxwUyR, 1,1.0
R_3nMiRP86CzietAP; 0,R_3nMiRP86CzietAP, 0,0.0
R_3JLBsQ1vR2gH3IO; 0,R_3JLBsQ1vR2gH3IO, 0,0.0
R_2Yb5CGz3fKRohQX; 1,R_2Yb5CGz3fKRohQX, 1,1.0
R_4UXC8jcJi1BG6PL; 1,R_4UXC8jcJi1BG6PL, 1,1.0
R_1jAFf6JxkcjGcNo; 0,R_1jAFf6JxkcjGcNo, 0,0.0
R_3FIEhwMBcNhRZpz; 1,R_3FIEhwMBcNhRZpz, 1,1.0
R_3pm1LZvs6uwDzfu; 1,R_3pm1LZvs6uwDzfu, 1,1.0
R_31n2IoOpAvHGrtV; 1,R_31n2IoOpAvHGrtV, 1,1.0
R_3HozvTcERl2zbxj; 1,R_3HozvTcERl2zbxj, 1,1.0
R_TsVAKApTETfG5xL; 1,R_TsVAKApTETfG5xL, 1,1.0
R_afQTd8aj6KWYLUR; 1,R_afQTd8aj6KWYLUR, 1,1.0
R_3hGaK1BCD7cGOAl; 1,R_3hGaK1BCD7cGOAl, 1,1.0
R_1FbMPa19gnpnXOz; 1,R_1FbMPa19gnpnXOz, 1,1.0
R_3lDlrVRKrFc9vgm; 0,R_3lDlrVRKrFc9vgm, 0,0.0
R_3qZDDUedJaPHSja; 1,R_3qZDDUedJaPHSja, 1,1.0
R_enyFQkjcJr6GW2J; 0,R_enyFQkjcJr6GW2J, 0,0.0
R_27ePzC9SwwpYsBp; 0,R_27ePzC9SwwpYsBp, 0,0.0
R_rr7bclgEWV4SQbn; 1,R_rr7bclgEWV4SQbn, 1,1.0
R_A7CTwgqBxllViLL; 0,R_A7CTwgqBxllViLL, 0,0.0
R_2wdE1WO6yLjsY78; 1,R_2wdE1WO6yLjsY78, 1,1.0
R_2CPyGZOe1pp2bFy; 1,R_2CPyGZOe1pp2bFy, 1,1.0
R_yUqqih34vO55Q4h; 1,R_yUqqih34vO55Q4h, 1,1.0
R_2WNZj2XkNEpHWmg; 1,R_2WNZj2XkNEpHWmg, 1,1.0
R_2S6NI69nGpqGiso; 0,R_2S6NI69nGpqGiso, 0,0.0
R_3OlhwQIm2dHNiMT; 0,R_3OlhwQIm2dHNiMT, 0,0.0
R_1F3WJ0GkQ3dgDO3; 1,R_1F3WJ0GkQ3dgDO3, 1,1.0
R_1oGCpkhCPJxGVnb; 1,R_1oGCpkhCPJxGVnb, 1,1.0
R_23VkRqQrbge1Q65; 1,R_23VkRqQrbge1Q65, 1,1.0
R_3QFUjetqLycV9ja; 1,R_3QFUjetqLycV9ja, 1,1.0
R_8oHe8a6PbKFxUaJ; 1,R_8oHe8a6PbKFxUaJ, 1,1.0
R_2D2NFz6P9BdXxQA; 1,R_2D2NFz6P9BdXxQA, 1,1.0
R_Cfy6wbF9aHmAaLn; 0,R_Cfy6wbF9aHmAaLn, 0,0.0
R_2Tt7KEPL4rHFfQS; 1,R_2Tt7KEPL4rHFfQS, 1,1.0
R_3qk83XUXbkxTU8S; 1,R_3qk83XUXbkxTU8S, 1,1.0
R_2scndRIFAGfs1Sq; 1,R_2scndRIFAGfs1Sq, 1,1.0
R_BKu8DhYxGrvTMZz; 1,R_BKu8DhYxGrvTMZz, 1,1.0
R_qOxc5cbSOhqDI4h; 1,R_qOxc5cbSOhqDI4h, 1,1.0
R_2frjvLM0pFSb9MX; 1,R_2frjvLM0pFSb9MX, 1,1.0
R_3qIJw2ebabLz6Bc; 1,R_3qIJw2ebabLz6Bc, 1,1.0
R_1hAuk7FBPGbfZ57; 1,R_1hAuk7FBPGbfZ57, 1,1.0
R_1pmqh3DviXha5E3; 1,R_1pmqh3DviXha5E3, 1,1.0
R_3gSjlHExUsaJ0UJ; 1,R_3gSjlHExUsaJ0UJ, 1,1.0
R_Xk0HGUnXruw0Q93; 1,R_Xk0HGUnXruw0Q93, 1,1.0
R_1C7MT9aMedKejzx; 0,R_1C7MT9aMedKejzx, 0,0.0
R_1q32puFXPFbcixL; 1,R_1q32puFXPFbcixL, 1,1.0
R_3fuzAOIcWsTRk2n; 1,R_3fuzAOIcWsTRk2n, 1,1.0
R_3sAD7H6SQNJ1M9B; 0,R_3sAD7H6SQNJ1M9B, 0,0.0
R_6PSaPB9G9LEqIbn; 0,R_6PSaPB9G9LEqIbn, 0,0.0
R_1dzYVb7OIUJUXLb; 1,R_1dzYVb7OIUJUXLb, 1,1.0
R_3lFTpWB1rla9AUf; 1,R_3lFTpWB1rla9AUf, 1,1.0
R_2c59RKvw056NpBF; 0,R_2c59RKvw056NpBF, 0,0.0
R_2tEgriIpgQ9TRAu; 1,R_2tEgriIpgQ9TRAu, 1,1.0
R_12MsYCS5MA6sqCb; 1,R_12MsYCS5MA6sqCb, 1,1.0
R_AGm1LIGHGikAMwx; 1,R_AGm1LIGHGikAMwx, 1,1.0
R_BXMemh8TvChqGJP; 1,R_BXMemh8TvChqGJP, 1,1.0
R_2q8nrgBsfQcrj4C; 1,R_2q8nrgBsfQcrj4C, 1,1.0
R_27ImuVFuA4HiDQW; 1,R_27ImuVFuA4HiDQW, 1,1.0
R_vp1krhYOgqsxXpf; 1,R_vp1krhYOgqsxXpf, 1,1.0
R_OfhKehqMxfAtjmF; 0,R_OfhKehqMxfAtjmF, 0,0.0
R_2pLy6FVyAzGPM6h; 1,R_2pLy6FVyAzGPM6h, 1,1.0
R_2ttF2OvLXAsbGor; 1,R_2ttF2OvLXAsbGor, 1,1.0
R_1MiTSHngCtdWfPb; 1,R_1MiTSHngCtdWfPb, 1,1.0
R_32YoxQhzdiOySHj; 1,R_32YoxQhzdiOySHj, 1,1.0
R_OBZKAMwjS6npAFr; 1,R_OBZKAMwjS6npAFr, 1,1.0
R_vv3RvYr5E3CBm3n; 1,R_vv3RvYr5E3CBm3n, 1,1.0
R_86bLujSBfi8OhGx; 1,R_86bLujSBfi8OhGx, 1,1.0
R_A5moqxGRloJrkqJ; 1,R_A5moqxGRloJrkqJ, 1,1.0
R_2ceClEjcXtsraE5; 1,R_2ceClEjcXtsraE5, 1,1.0
R_81bgf63F6JRsW7n; 1,R_81bgf63F6JRsW7n, 1,1.0
R_pGedcUQnom5HcU9; 1,R_pGedcUQnom5HcU9, 1,1.0
R_upHJXjcqWMv3S9z; 0,R_upHJXjcqWMv3S9z, 0,0.0
R_2QnPc6wbuNQOv2Y; 1,R_2QnPc6wbuNQOv2Y, 1,1.0
R_1IMpFgVLqhZlTns; 1,R_1IMpFgVLqhZlTns, 1,1.0
R_2Sejce21HOjWyzE; 1,R_2Sejce21HOjWyzE, 1,1.0
R_1AFhgXU3o1JgkLv; 1,R_1AFhgXU3o1JgkLv, 1,1.0
R_2QWMGf6pdKt2fvw; 0,R_2QWMGf6pdKt2fvw, 0,0.0
R_1hXSBklREuD0pLJ; 0,R_1hXSBklREuD0pLJ, 0,0.0
R_10IVwpdVUKwgRfq; 1,R_10IVwpdVUKwgRfq, 1,1.0
R_6x6DdiNsBGlM8U1; 1,R_6x6DdiNsBGlM8U1, 1,1.0
R_2ruxTJiActN3OZE; 1,R_2ruxTJiActN3OZE, 1,1.0
R_3ebguArjKaV9IUN; 1,R_3ebguArjKaV9IUN, 1,1.0
R_3g0pS6Tu5Kou8pq; 1,R_3g0pS6Tu5Kou8pq, 1,1.0
R_2tf1wRliZuenT9m; 1,R_2tf1wRliZuenT9m, 1,1.0
R_3KD64T5yPbJbw04; 1,R_3KD64T5yPbJbw04, 1,1.0
R_1NFlJfFUhblOrWj; 1,R_1NFlJfFUhblOrWj, 1,1.0
R_40iADXqRgessrHb; 1,R_40iADXqRgessrHb, 1,1.0
R_1rjlaPatP1MNs3e; 1,R_1rjlaPatP1MNs3e, 1,1.0
R_UcqEuCBp15YHtqV; 1,R_UcqEuCBp15YHtqV, 1,1.0
R_2uqD3JTC6HtvFpT; 0,R_2uqD3JTC6HtvFpT, 0,0.0
R_2SjlQ5GC0kSbOEe; 1,R_2SjlQ5GC0kSbOEe, 1,1.0
R_vZyYEIZQ67y2I0x; 0,R_vZyYEIZQ67y2I0x, 0,0.0
R_1j6zdMF01ng5UJF; 1,R_1j6zdMF01ng5UJF, 1,1.0
R_2BfeeO9jEMrqbSU; 1,R_2BfeeO9jEMrqbSU, 1,1.0
R_1DtZvTp9zwgABVR; 0,R_1DtZvTp9zwgABVR, 0,0.0
R_bqMgRoTA2CbUPJv; 1,R_bqMgRoTA2CbUPJv, 1,1.0
R_1cYsBoV2YcEzscJ; 1,R_1cYsBoV2YcEzscJ, 1,1.0
R_123gcmlDXrwHAfe; 1,R_123gcmlDXrwHAfe, 1,1.0
R_21nCdJ4YwzfeTVn; 1,R_21nCdJ4YwzfeTVn, 1,1.0
R_2TQR0baElGfyYvj; 1,R_2TQR0baElGfyYvj, 1,1.0
R_5A6BSMGyOPikHtL; 1,R_5A6BSMGyOPikHtL, 1,1.0
R_3hE1lCvMK2BuwE0; 1,R_3hE1lCvMK2BuwE0, 1,1.0
R_3GoB6tf8AxjVzMe; 1,R_3GoB6tf8AxjVzMe, 1,1.0
R_3rSU8kB8sbjQIJY; 1,R_3rSU8kB8sbjQIJY, 1,1.0
R_sb3AxBF4cvMcEBH; 1,R_sb3AxBF4cvMcEBH, 1,1.0
R_2fSL0wC98y0kIlr; 1,R_2fSL0wC98y0kIlr, 1,1.0
R_Rs5LsOFiFxq3ZwB; 1,R_Rs5LsOFiFxq3ZwB, 1,1.0
R_3LdPDVlzgvKlGOE; 1,R_3LdPDVlzgvKlGOE, 1,1.0
R_2dncDDIQTvpOGzF; 1,R_2dncDDIQTvpOGzF, 1,1.0
R_tEejTCTOwKkW92N; 1,R_tEejTCTOwKkW92N, 1,1.0
R_3NzgnQWVH1eTYIh; 0,R_3NzgnQWVH1eTYIh, 0,0.0
R_RaxNeVz4PznkMPT; 1,R_RaxNeVz4PznkMPT, 1,1.0
R_3EiJh2AAqm5pdNQ; 1,R_3EiJh2AAqm5pdNQ, 1,1.0
R_1DCI74HSEAHeYUk; 1,R_1DCI74HSEAHeYUk, 1,1.0
R_3KTpnsbrcj3yZNp; 1,R_3KTpnsbrcj3yZNp, 1,1.0
R_3PAy5H8KBBVBELN; 1,R_3PAy5H8KBBVBELN, 1,1.0
R_1EfV4muWnU45rWS; 1,R_1EfV4muWnU45rWS, 1,1.0
R_2ZByl3olkGfYLZU; 1,R_2ZByl3olkGfYLZU, 1,1.0
R_Wj1RCRE7qAbes5r; 0,R_Wj1RCRE7qAbes5r, 0,0.0
R_10HqkWat9Ckd5Hf; 1,R_10HqkWat9Ckd5Hf, 1,1.0
R_2fpUsc2BXwMSZAF; 1,R_2fpUsc2BXwMSZAF, 1,1.0
R_3KuqTBKj1cuW969; 1,R_3KuqTBKj1cuW969, 1,1.0
R_1lbqX7a72ljnvob; 1,R_1lbqX7a72ljnvob, 1,1.0
R_2A0fO48Ejmxf0ba; 1,R_2A0fO48Ejmxf0ba, 1,1.0
R_338xrwpihiaKJrM; 1,R_338xrwpihiaKJrM, 1,1.0
R_262QkJ3Ml8hhByz; 1,R_262QkJ3Ml8hhByz, 1,1.0
R_2ccNspbc7VXXOsr; 0,R_2ccNspbc7VXXOsr, 0,0.0
R_3MA4GO9xam9bYFv; 1,R_3MA4GO9xam9bYFv, 1,1.0
R_1dKpC7c4X28wYG2; 1,R_1dKpC7c4X28wYG2, 1,1.0
R_2YbmRYkav6gWOkt; 0,R_2YbmRYkav6gWOkt, 0,0.0
"R_2S6qhXJSCPmvDMt; The definition provided does not explicitly mention misinformation as a content feature of hate speech. Therefore, the answer is 0.",R_2S6qhXJSCPmvDMt," The definition provided does not explicitly mention misinformation as a content feature of hate speech. Therefore, the answer is 0.",0.0
R_1cY4kmt6aF2AEqg; 1,R_1cY4kmt6aF2AEqg, 1,1.0
R_2P7L3BaKslcIp3Y; 1,R_2P7L3BaKslcIp3Y, 1,1.0
R_BVVBdS01ZT1FChz; 0,R_BVVBdS01ZT1FChz, 0,0.0
R_zckEwr8SOjss0al; 1,R_zckEwr8SOjss0al, 1,1.0
R_DcTIuA684Y8noMV; 1,R_DcTIuA684Y8noMV, 1,1.0
R_3k6D48rSIa0mjBa; 1,R_3k6D48rSIa0mjBa, 1,1.0
R_2S1h2o3tDl4LT10; 1,R_2S1h2o3tDl4LT10, 1,1.0
R_vdhH4LELerTDtKh; 0,R_vdhH4LELerTDtKh, 0,0.0
R_5ciajRbZiBCyIpj; 1,R_5ciajRbZiBCyIpj, 1,1.0
R_VRquCWPT8RCeHBf; 0,R_VRquCWPT8RCeHBf, 0,0.0
R_3QLgyYURrPJJfAV; 0,R_3QLgyYURrPJJfAV, 0,0.0
R_3sjpZAz3S2z8KFb; 1,R_3sjpZAz3S2z8KFb, 1,1.0
R_3HjBK2if2jRFSr0; 1,R_3HjBK2if2jRFSr0, 1,1.0
R_3QRIHDl1sE4m1MA; 0,R_3QRIHDl1sE4m1MA, 0,0.0
R_u48rBOS2ZyZE081; 1,R_u48rBOS2ZyZE081, 1,1.0
R_2EjjZdOKP2zjibS; 1,R_2EjjZdOKP2zjibS, 1,1.0
R_3PSrvPCpmhHcva6; 1,R_3PSrvPCpmhHcva6, 1,1.0
R_sMw9pacCcEX84sV; 1,R_sMw9pacCcEX84sV, 1,1.0
R_1qUuaYEINiohZJU; 1,R_1qUuaYEINiohZJU, 1,1.0
R_1lluvzqC5DghEAR; 1,R_1lluvzqC5DghEAR, 1,1.0
R_1dmGOBFUzIeoDMj; 1,R_1dmGOBFUzIeoDMj, 1,1.0
R_22WfhKdcLrrzbFx; 1,R_22WfhKdcLrrzbFx, 1,1.0
R_3IYxv7RGeTntBer; 1,R_3IYxv7RGeTntBer, 1,1.0
R_2Wvy0ToXKXnTTsD; 1,R_2Wvy0ToXKXnTTsD, 1,1.0
R_1pxSKCvyIoT2X8N; 1,R_1pxSKCvyIoT2X8N, 1,1.0
R_2fJueGyIguHq8Ay; 1,R_2fJueGyIguHq8Ay, 1,1.0
R_2tmnVwVHPZMNFZJ; 1,R_2tmnVwVHPZMNFZJ, 1,1.0
R_3DeH3gN5CtDzR91; 1,R_3DeH3gN5CtDzR91, 1,1.0
R_1kHwC3W4j5xcMM3; 0,R_1kHwC3W4j5xcMM3, 0,0.0
R_tMuYN27KSE6UKaZ; 1,R_tMuYN27KSE6UKaZ, 1,1.0
R_3EEGr3c3LcYkRGO; 1,R_3EEGr3c3LcYkRGO, 1,1.0
R_1GZz7sZH6vizSBJ; 1,R_1GZz7sZH6vizSBJ, 1,1.0
R_3hgwX9rs550QCCl; 1,R_3hgwX9rs550QCCl, 1,1.0
R_b19NWiOlrYl3FAJ; 1,R_b19NWiOlrYl3FAJ, 1,1.0
R_1g7NC5GOaDiDlfZ; 1,R_1g7NC5GOaDiDlfZ, 1,1.0
R_2Se6QvLJVlmCI0u; 0,R_2Se6QvLJVlmCI0u, 0,0.0
"R_3Mz0tcqkAoWhQoR; I will return 1 because the definition of hate speech involving discussing a person's personality and origin can often be associated with spreading misinformation, such as false accusations or stereotypes.",R_3Mz0tcqkAoWhQoR," I will return 1 because the definition of hate speech involving discussing a person's personality and origin can often be associated with spreading misinformation, such as false accusations or stereotypes.",1.0
"R_1rGLoGLpWhZdNVM; This definition does not strictly present misinformation as a content feature of hate speech. Therefore, the answer is 0.",R_1rGLoGLpWhZdNVM," This definition does not strictly present misinformation as a content feature of hate speech. Therefore, the answer is 0.",0.0
R_Z1MRe5Aj6D3ibzr; 0,R_Z1MRe5Aj6D3ibzr, 0,0.0
R_1jkRFJFHFaIYaTM; 1,R_1jkRFJFHFaIYaTM, 1,1.0
R_3JJjMMwjeR4qdWQ; 1,R_3JJjMMwjeR4qdWQ, 1,1.0
R_3kcPSpQkXQYWQXD; 1,R_3kcPSpQkXQYWQXD, 1,1.0
R_3oUeLluapld1bQI; 1,R_3oUeLluapld1bQI, 1,1.0
R_stiLwMrsPaQqD85; 1,R_stiLwMrsPaQqD85, 1,1.0
R_3HSkMZZ4tWuPAcx; 1,R_3HSkMZZ4tWuPAcx, 1,1.0
R_ZgklijKbIrVJKHn; 1,R_ZgklijKbIrVJKHn, 1,1.0
R_2thFFabGER6tkON; 0,R_2thFFabGER6tkON, 0,0.0
R_vpNUD9awOGudLt7; 1,R_vpNUD9awOGudLt7, 1,1.0
R_3mgezqF8f4P9X1z; 1,R_3mgezqF8f4P9X1z, 1,1.0
R_12fepVSsxnTzj9i; 1,R_12fepVSsxnTzj9i, 1,1.0
"R_3dLjakuqoSe0RQi; The definition ""Whose peace of mind turns into anger."" does not explicitly include misinformation as a content feature of hate speech. Therefore, the answer is 0.",R_3dLjakuqoSe0RQi," The definition ""Whose peace of mind turns into anger."" does not explicitly include misinformation as a content feature of hate speech. Therefore, the answer is 0.",0.0
R_BYcyepQG9Gp9pZf; 1,R_BYcyepQG9Gp9pZf, 1,1.0
R_rfHJ02qmwlb9whr; 0,R_rfHJ02qmwlb9whr, 0,0.0
R_1OK4zhNbGZZcK9y; 0,R_1OK4zhNbGZZcK9y, 0,0.0
R_3qsQaZIxw6CC8Mw; 1,R_3qsQaZIxw6CC8Mw, 1,1.0
R_2V2uvRAliojk7YE; 0,R_2V2uvRAliojk7YE, 0,0.0
R_2rO3EdssJF1ONHH; 1,R_2rO3EdssJF1ONHH, 1,1.0
R_2dKK56ihgfXihxg; 0,R_2dKK56ihgfXihxg, 0,0.0
R_YWD1OjKQPVuzijT; 1,R_YWD1OjKQPVuzijT, 1,1.0
R_1g09WduOKi5oqyP; 1,R_1g09WduOKi5oqyP, 1,1.0
R_2dEir8R1lpSzknD; 0,R_2dEir8R1lpSzknD, 0,0.0
R_2aVpxRZUwg9C5mx; 1,R_2aVpxRZUwg9C5mx, 1,1.0
R_3qQASlLDthVJ4lb; 1,R_3qQASlLDthVJ4lb, 1,1.0
R_2B4MLvZ7UtHjNui; 1,R_2B4MLvZ7UtHjNui, 1,1.0
R_2sSzjJtOvnykSUN; 1,R_2sSzjJtOvnykSUN, 1,1.0
R_1kGfUZtXbK8SOzl; 0,R_1kGfUZtXbK8SOzl, 0,0.0
R_ddr5MzYAmvvRMbL; 1,R_ddr5MzYAmvvRMbL, 1,1.0
R_1EXtWylgvyUSBGQ; 1,R_1EXtWylgvyUSBGQ, 1,1.0
R_1A01B4p9uDkOvpD; 1,R_1A01B4p9uDkOvpD, 1,1.0
R_uaDSUsauaTxO65j; 1,R_uaDSUsauaTxO65j, 1,1.0
R_3QFyqRwuNgp4sUE; 1,R_3QFyqRwuNgp4sUE, 1,1.0
R_1QhXHmAgOV34aUj; 1,R_1QhXHmAgOV34aUj, 1,1.0
R_3JwUWRKI0YFxchn; 1,R_3JwUWRKI0YFxchn, 1,1.0
R_XnbfHCfGYkopgFr; 1,R_XnbfHCfGYkopgFr, 1,1.0
R_Os6CKqn3VdNvQqJ; 0,R_Os6CKqn3VdNvQqJ, 0,0.0
R_2ZNXNevtQLBpoNf; 1,R_2ZNXNevtQLBpoNf, 1,1.0
R_2AYcVwsXxq7hwmo; 1,R_2AYcVwsXxq7hwmo, 1,1.0
R_1rIbvnp2PMa306k; 1,R_1rIbvnp2PMa306k, 1,1.0
R_3RaPRcKDTZYvuED; 1,R_3RaPRcKDTZYvuED, 1,1.0
R_2trK1XyrldyhixZ; 1,R_2trK1XyrldyhixZ, 1,1.0
R_1KmbOkDc5L007uo; 1,R_1KmbOkDc5L007uo, 1,1.0
R_3g7uGGsNk5kOjQq; 1,R_3g7uGGsNk5kOjQq, 1,1.0
R_z1o81icvOvXTRzr; 1,R_z1o81icvOvXTRzr, 1,1.0
R_pGIKaLefoN38qEp; 1,R_pGIKaLefoN38qEp, 1,1.0
R_0f8ixDegrBj6QHD; 1,R_0f8ixDegrBj6QHD, 1,1.0
R_2v8Gz1SKvlxrJJV; 1,R_2v8Gz1SKvlxrJJV, 1,1.0
R_3DhHqxWpjqS5RG3; 0,R_3DhHqxWpjqS5RG3, 0,0.0
R_2WtVPnVAf6CLBa9; 1,R_2WtVPnVAf6CLBa9, 1,1.0
R_26gJP43JqvXLHql; 1,R_26gJP43JqvXLHql, 1,1.0
R_1KrpW4b7uHKJeh7; 1,R_1KrpW4b7uHKJeh7, 1,1.0
R_Rlc07Di7plnkjWV; 0,R_Rlc07Di7plnkjWV, 0,0.0
R_2xJBcDv2hryfEGO; 1,R_2xJBcDv2hryfEGO, 1,1.0
R_2wtVwPnvRAlpFHY; 1,R_2wtVwPnvRAlpFHY, 1,1.0
R_1207lEH8ACv6UFQ; 1,R_1207lEH8ACv6UFQ, 1,1.0
R_3hFT1w1QkgpA35C; 1,R_3hFT1w1QkgpA35C, 1,1.0
R_RUNvppd4HpxwVc5; 1,R_RUNvppd4HpxwVc5, 1,1.0
R_2yrXIhu65hqxmBB; 1,R_2yrXIhu65hqxmBB, 1,1.0
R_ehyO8Q1C4yB9pT3; 1,R_ehyO8Q1C4yB9pT3, 1,1.0
R_3I4bKVDAbDgQMUU; 0,R_3I4bKVDAbDgQMUU, 0,0.0
R_2TEFl98zGCQMxzk; 1,R_2TEFl98zGCQMxzk, 1,1.0
R_wXzuKZkYi9UGdnH; 1,R_wXzuKZkYi9UGdnH, 1,1.0
"R_2bW2AEwMZmqWBnV; The personal hate speech definition provided does not specifically mention misinformation as a content feature of hate speech, so I would return 0 as the answer.",R_2bW2AEwMZmqWBnV," The personal hate speech definition provided does not specifically mention misinformation as a content feature of hate speech, so I would return 0 as the answer.",0.0
R_viWFGrwaOQD2fwB; 1,R_viWFGrwaOQD2fwB, 1,1.0
R_6gIriFIHITUbvGh; 1,R_6gIriFIHITUbvGh, 1,1.0
R_3JnhsEq0vPbavoL; 1,R_3JnhsEq0vPbavoL, 1,1.0
R_2wn5pTQt2M97xHT; 1,R_2wn5pTQt2M97xHT, 1,1.0
R_232CsIFWeq8G4dO; 1,R_232CsIFWeq8G4dO, 1,1.0
R_1BXefIzE6ogESRI; 1,R_1BXefIzE6ogESRI, 1,1.0
R_31RtgfFlonpvxVt; 1,R_31RtgfFlonpvxVt, 1,1.0
R_3hDsr9SjVakPgyj; 1,R_3hDsr9SjVakPgyj, 1,1.0
R_2uOF5wU35qF3mR5; 1,R_2uOF5wU35qF3mR5, 1,1.0
R_12hUI9HVydtT5WE; 1,R_12hUI9HVydtT5WE, 1,1.0
R_1NqY8fcwLkG05Dw; 1,R_1NqY8fcwLkG05Dw, 1,1.0
R_3PXYEA4Xmg82azW; 1,R_3PXYEA4Xmg82azW, 1,1.0
R_Ajl1qXF4RDMuYWl; 1,R_Ajl1qXF4RDMuYWl, 1,1.0
R_2wFSgEmlQ1oTef8; 1,R_2wFSgEmlQ1oTef8, 1,1.0
R_UxOY9giVlrvgv97; 1,R_UxOY9giVlrvgv97, 1,1.0
R_yBCi5KQ38OE4tih; 1,R_yBCi5KQ38OE4tih, 1,1.0
R_2WGavMK28aallU2; 1,R_2WGavMK28aallU2, 1,1.0
R_22KCLv4QVXIc9LH; 1,R_22KCLv4QVXIc9LH, 1,1.0
R_3NVZBHwUwzqjmXH; 1,R_3NVZBHwUwzqjmXH, 1,1.0
R_1LqDgpzG2lXLpVr; 1,R_1LqDgpzG2lXLpVr, 1,1.0
R_1DI5CDnd4qWn6Zk; 1,R_1DI5CDnd4qWn6Zk, 1,1.0
R_3iseOmHwbronMyU; 0,R_3iseOmHwbronMyU, 0,0.0
R_C4tyGYWppMMR6OR; 1,R_C4tyGYWppMMR6OR, 1,1.0
R_3g1vpmu109pKUBv; 1,R_3g1vpmu109pKUBv, 1,1.0
R_pcPK2OYNZC1sbFT; 1,R_pcPK2OYNZC1sbFT, 1,1.0
R_1QEruLLiUzNURck; 1,R_1QEruLLiUzNURck, 1,1.0
R_2SdWXn5bu14yUs8; 1,R_2SdWXn5bu14yUs8, 1,1.0
R_1eFgfJ0ussEZJ3x; 1,R_1eFgfJ0ussEZJ3x, 1,1.0
R_1dujeUmZqu7C1Ls; 1,R_1dujeUmZqu7C1Ls, 1,1.0
R_cGdNwxKiGWss99f; 0,R_cGdNwxKiGWss99f, 0,0.0
R_12onBeoQpSwI6Gy; 1,R_12onBeoQpSwI6Gy, 1,1.0
R_2THu3B1lXP0jQpK; 1,R_2THu3B1lXP0jQpK, 1,1.0
R_tFmoZqrJTWjLyWR; 1,R_tFmoZqrJTWjLyWR, 1,1.0
R_2rOew5V90g9cXpK; 1,R_2rOew5V90g9cXpK, 1,1.0
R_3k0URxe5NHjWu5M; 1,R_3k0URxe5NHjWu5M, 1,1.0
R_3Eo7chNLfCsPrQR; 1,R_3Eo7chNLfCsPrQR, 1,1.0
R_vCclrXsr4mHG3T3; 1,R_vCclrXsr4mHG3T3, 1,1.0
R_SCyViENHrefzEat; 1,R_SCyViENHrefzEat, 1,1.0
R_1imSavu0QcNJF3N; 0,R_1imSavu0QcNJF3N, 0,0.0
R_29tuZqJGpXQbK4L; 1,R_29tuZqJGpXQbK4L, 1,1.0
R_3nxyByKwmeLQG2g; 1,R_3nxyByKwmeLQG2g, 1,1.0
R_sXqmXeZ6zl6M9GN; 0,R_sXqmXeZ6zl6M9GN, 0,0.0
